species,species_prot_acc,Distance,MostRelatedSpecies,ProteinAcc,Description
Heliconius,melpomene_melpomene_Hmel2_5_CREPE_FL_HMEL022554g1.t1,1.6842369490000002,Drosophila_melanogaster_BDGP6_32_pep_all,FBgn0266173,pre-mod(mdg4)-K
Heliconius,melpomene_melpomene_Hmel2_5_CREPE_FL_HMEL025048-RA,2.0091780999999997,Drosophila_melanogaster_BDGP6_32_pep_all,FBgn0014949,btn
Heliconius,melpomene_melpomene_Hmel2_5_CREPE_FL_HMEL025050-RB,2.032295,Drosophila_melanogaster_BDGP6_32_pep_all,FBgn0014949,btn
Heliconius,melpomene_melpomene_Hmel2_5_CREPE_FL_HMEL025050-RA,1.9681571299999998,Drosophila_melanogaster_BDGP6_32_pep_all,FBgn0014949,btn
Heliconius,melpomene_melpomene_Hmel2_5_CREPE_FL_HMEL025000-RA,0.999139,Drosophila_melanogaster_BDGP6_32_pep_all,FBgn0260642,Antp
Heliconius,melpomene_melpomene_Hmel2_5_CREPE_FL_HMEL025033-RA,0.7255499999999999,Drosophila_melanogaster_BDGP6_32_pep_all,FBgn0000014,abd-A
Heliconius,melpomene_melpomene_Hmel2_5_CREPE_FL_HMEL025034-RA,0.6739440299999999,Drosophila_melanogaster_BDGP6_32_pep_all,FBgn0003944,Ubx
Heliconius,melpomene_melpomene_Hmel2_5_CREPE_FL_HMEL025053-RA,1.252427,Drosophila_melanogaster_BDGP6_32_pep_all,FBgn0000439,Dfd
Heliconius,melpomene_melpomene_Hmel2_5_CREPE_FL_HMEL025054-RA,1.051707,Drosophila_melanogaster_BDGP6_32_pep_all,FBgn0003339,Scr
Heliconius,melpomene_melpomene_Hmel2_5_CREPE_FL_HMEL025032-RA,2.0995341,Drosophila_melanogaster_BDGP6_32_pep_all,FBgn0014949,btn
Heliconius,melpomene_melpomene_Hmel2_5_CREPE_FL_HMEL025052-RA,1.8859580999999999,Drosophila_melanogaster_BDGP6_32_pep_all,FBgn0014949,btn
Heliconius,melpomene_melpomene_Hmel2_5_CREPE_FL_HMEL025052-RB,2.0992133,Drosophila_melanogaster_BDGP6_32_pep_all,FBgn0014949,btn
Heliconius,melpomene_melpomene_Hmel2_5_CREPE_FL_HMEL014770g1.t1,1.7334049999999999,Drosophila_melanogaster_BDGP6_32_pep_all,FBgn0025776,ind
Heliconius,melpomene_melpomene_Hmel2_5_CREPE_FL_HMEL037353g1.t2,1.5510169999999999,Drosophila_melanogaster_BDGP6_32_pep_all,FBgn0041156,exex
Heliconius,melpomene_melpomene_Hmel2_5_CREPE_FL_HMEL035985g1.t1,1.143577,Drosophila_melanogaster_BDGP6_32_pep_all,FBgn0002522,lab
Heliconius,melpomene_melpomene_Hmel2_5_CREPE_FL_HMEL025035-RA,1.4176440000000001,Drosophila_melanogaster_BDGP6_32_pep_all,FBgn0000015,Abd-B
Heliconius,melpomene_melpomene_Hmel2_5_CREPE_FL_HMEL034090g1.t1,0.7803608,Drosophila_melanogaster_BDGP6_32_pep_all,FBgn0038592,CG18599
Heliconius,melpomene_melpomene_Hmel2_5_CREPE_FL_HMEL002773g1.t1,1.40231,Drosophila_melanogaster_BDGP6_32_pep_all,FBgn0054031,CG34031
Heliconius,melpomene_melpomene_Hmel2_5_CREPE_FL_HMEL011175g1.t1,1.9010053,Drosophila_melanogaster_BDGP6_32_pep_all,FBgn0054031,CG34031
Heliconius,melpomene_melpomene_Hmel2_5_CREPE_FL_HMEL015396g1.t1,2.1188118,Drosophila_melanogaster_BDGP6_32_pep_all,FBgn0054031,CG34031
Heliconius,melpomene_melpomene_Hmel2_5_CREPE_FL_HMEL034641g1.t1,1.306602,Drosophila_melanogaster_BDGP6_32_pep_all,FBgn0002941,slou
Heliconius,melpomene_melpomene_Hmel2_5_CREPE_FL_HMEL015364g1.t1,1.59353,Drosophila_melanogaster_BDGP6_32_pep_all,FBgn0015396,jumu
Heliconius,melpomene_melpomene_Hmel2_5_CREPE_FL_HMEL010214g1.t1,1.9009969999999998,Drosophila_melanogaster_BDGP6_32_pep_all,FBgn0029504,CHES-1-like
Heliconius,melpomene_melpomene_Hmel2_5_CREPE_FL_HMEL018018g1.t1,1.70765221,Drosophila_melanogaster_BDGP6_32_pep_all,FBgn0031086,fd19B
Heliconius,melpomene_melpomene_Hmel2_5_CREPE_FL_HMEL002016g1.t1,1.9536152100000002,Drosophila_melanogaster_BDGP6_32_pep_all,FBgn0031086,fd19B
Heliconius,melpomene_melpomene_Hmel2_5_CREPE_FL_HMEL002694g1.t1,1.1230815,Drosophila_melanogaster_BDGP6_32_pep_all,FBgn0004567,slp2
Heliconius,melpomene_melpomene_Hmel2_5_CREPE_FL_HMEL002691g1.t1,0.9371895000000001,Drosophila_melanogaster_BDGP6_32_pep_all,FBgn0004567,slp2
Heliconius,melpomene_melpomene_Hmel2_5_CREPE_FL_HMEL010453g1.t1,1.512849,Drosophila_melanogaster_BDGP6_32_pep_all,FBgn0264954,fd3F
Heliconius,melpomene_melpomene_Hmel2_5_CREPE_FL_HMEL012130g1.t1,1.1867480000000001,Drosophila_melanogaster_BDGP6_32_pep_all,FBgn0039937,fd102C
Heliconius,melpomene_melpomene_Hmel2_5_CREPE_FL_HMEL012080g1.t1,1.7039552900000001,Drosophila_melanogaster_BDGP6_32_pep_all,FBgn0014143,croc
Heliconius,melpomene_melpomene_Hmel2_5_CREPE_FL_HMEL035668g1.t1,1.7908156000000002,Drosophila_melanogaster_BDGP6_32_pep_all,FBgn0014143,croc
Heliconius,melpomene_melpomene_Hmel2_5_CREPE_FL_HMEL012084g1.t1,1.12137,Drosophila_melanogaster_BDGP6_32_pep_all,FBgn0014143,croc
Heliconius,melpomene_melpomene_Hmel2_5_CREPE_FL_HMEL017967g1.t1,1.0614569999999999,Drosophila_melanogaster_BDGP6_32_pep_all,FBgn0000659,fkh
Heliconius,melpomene_melpomene_Hmel2_5_CREPE_FL_HMEL014116g1.t1,0.87349,Drosophila_melanogaster_BDGP6_32_pep_all,FBgn0004897,fd96Ca
Heliconius,melpomene_melpomene_Hmel2_5_CREPE_FL_HMEL014115g1.t1,0.8658750000000001,Drosophila_melanogaster_BDGP6_32_pep_all,FBgn0004897,fd96Ca
Heliconius,melpomene_melpomene_Hmel2_5_CREPE_FL_HMEL006482g1.t1,1.18495,Drosophila_melanogaster_BDGP6_32_pep_all,FBgn0004896,fd59A
Heliconius,melpomene_melpomene_Hmel2_5_CREPE_FL_HMEL009230g3.t1,1.7781280000000002,Drosophila_melanogaster_BDGP6_32_pep_all,FBgn0267337,rn
Heliconius,melpomene_melpomene_Hmel2_5_CREPE_FL_HMEL033093g1.t1,2.01902541,Drosophila_melanogaster_BDGP6_32_pep_all,FBgn0005694,Aef1
Heliconius,melpomene_melpomene_Hmel2_5_CREPE_FL_HMEL011564g1.t1,1.073689,Drosophila_melanogaster_BDGP6_32_pep_all,FBgn0024184,unc-4
Heliconius,melpomene_melpomene_Hmel2_5_CREPE_FL_HMEL004518g1.t1,1.323817,Drosophila_melanogaster_BDGP6_32_pep_all,FBgn0085396,CG34367
Heliconius,melpomene_melpomene_Hmel2_5_CREPE_FL_HMEL016251g1.t1,1.260106,Drosophila_melanogaster_BDGP6_32_pep_all,FBgn0085369,Drgx
Heliconius,melpomene_melpomene_Hmel2_5_CREPE_FL_HMEL037544g1.t1,0.94875,Drosophila_melanogaster_BDGP6_32_pep_all,FBgn0030058,CG11294
Heliconius,melpomene_melpomene_Hmel2_5_CREPE_FL_HMEL015847g1.t1,1.8208261000000001,Drosophila_melanogaster_BDGP6_32_pep_all,FBgn0025334,PHDP
Heliconius,melpomene_melpomene_Hmel2_5_CREPE_FL_HMEL033075g1.t1,1.1056110000000001,Drosophila_melanogaster_BDGP6_32_pep_all,FBgn0000061,al
Heliconius,melpomene_melpomene_Hmel2_5_CREPE_FL_HMEL011985g1.t1,1.050891,Drosophila_melanogaster_BDGP6_32_pep_all,FBgn0000061,al
Heliconius,melpomene_melpomene_Hmel2_5_CREPE_FL_HMEL005238g1.t1,1.51539274,Drosophila_melanogaster_BDGP6_32_pep_all,FBgn0025334,PHDP
Heliconius,melpomene_melpomene_Hmel2_5_CREPE_FL_HMEL013614g1.t1,1.4088340000000001,Drosophila_melanogaster_BDGP6_32_pep_all,FBgn0008636,hbn
Heliconius,melpomene_melpomene_Hmel2_5_CREPE_FL_HMEL006244g1.t1,1.8723839999999998,Drosophila_melanogaster_BDGP6_32_pep_all,FBgn0011701,repo
Heliconius,melpomene_melpomene_Hmel2_5_CREPE_FL_HMEL013622g1.t1,1.459389,Drosophila_melanogaster_BDGP6_32_pep_all,FBgn0020617,Rx
Heliconius,melpomene_melpomene_Hmel2_5_CREPE_FL_HMEL004093g1.t1,1.5296358,Drosophila_melanogaster_BDGP6_32_pep_all,FBgn0030058,CG11294
Heliconius,melpomene_melpomene_Hmel2_5_CREPE_FL_HMEL002797g1.t1,0.6650149999999999,Drosophila_melanogaster_BDGP6_32_pep_all,FBgn0052532,CG32532
Heliconius,melpomene_melpomene_Hmel2_5_CREPE_FL_HMEL013676g1.t1,1.7231849399999999,Drosophila_melanogaster_BDGP6_32_pep_all,FBgn0036411,Sox21a
Heliconius,melpomene_melpomene_Hmel2_5_CREPE_FL_HMEL013301g1.t1,1.07160258,Drosophila_melanogaster_BDGP6_32_pep_all,FBgn0036411,Sox21a
Heliconius,melpomene_melpomene_Hmel2_5_CREPE_FL_HMEL003506g1.t1,1.072115,Drosophila_melanogaster_BDGP6_32_pep_all,FBgn0042630,Sox21b
Heliconius,melpomene_melpomene_Hmel2_5_CREPE_FL_HMEL002856g1.t1,1.174536,Drosophila_melanogaster_BDGP6_32_pep_all,FBgn0000411,D
Heliconius,melpomene_melpomene_Hmel2_5_CREPE_FL_HMEL011417g1.t1,1.279827,Drosophila_melanogaster_BDGP6_32_pep_all,FBgn0029123,SoxN
Heliconius,melpomene_melpomene_Hmel2_5_CREPE_FL_HMEL002857g1.t1,1.39257624,Drosophila_melanogaster_BDGP6_32_pep_all,FBgn0036411,Sox21a
Heliconius,melpomene_melpomene_Hmel2_5_CREPE_FL_HMEL008012g1.t1,1.45959437,Drosophila_melanogaster_BDGP6_32_pep_all,FBgn0036411,Sox21a
Heliconius,melpomene_melpomene_Hmel2_5_CREPE_FL_HMEL016849g1.t1,2.289475,Drosophila_melanogaster_BDGP6_32_pep_all,FBgn0005613,Sox15
Heliconius,melpomene_melpomene_Hmel2_5_CREPE_FL_HMEL016850g1.t1,1.8626646399999998,Drosophila_melanogaster_BDGP6_32_pep_all,FBgn0036411,Sox21a
Heliconius,melpomene_melpomene_Hmel2_5_CREPE_FL_HMEL020265g1.t1,1.85872224,Drosophila_melanogaster_BDGP6_32_pep_all,FBgn0036411,Sox21a
Heliconius,melpomene_melpomene_Hmel2_5_CREPE_FL_HMEL002424g1.t1,1.144567,Drosophila_melanogaster_BDGP6_32_pep_all,FBgn0011723,byn
Heliconius,melpomene_melpomene_Hmel2_5_CREPE_FL_HMEL004265g1.t2,0.9065212,Drosophila_melanogaster_BDGP6_32_pep_all,FBgn0000179,bi
Heliconius,melpomene_melpomene_Hmel2_5_CREPE_FL_HMEL004265g1.t1,0.8475895821,Drosophila_melanogaster_BDGP6_32_pep_all,FBgn0000179,bi
Heliconius,melpomene_melpomene_Hmel2_5_CREPE_FL_HMEL012563g3.t1,1.10318673,Drosophila_melanogaster_BDGP6_32_pep_all,FBgn0028789,Doc1
Heliconius,melpomene_melpomene_Hmel2_5_CREPE_FL_HMEL015536g1.t1,1.089219,Drosophila_melanogaster_BDGP6_32_pep_all,FBgn0021767,org-1
Heliconius,melpomene_melpomene_Hmel2_5_CREPE_FL_HMEL012427g1.t1,1.0493839999999999,Drosophila_melanogaster_BDGP6_32_pep_all,FBgn0261963,mid
Heliconius,melpomene_melpomene_Hmel2_5_CREPE_FL_HMEL012427g1.t2,0.9805467820999999,Drosophila_melanogaster_BDGP6_32_pep_all,FBgn0261963,mid
Heliconius,melpomene_melpomene_Hmel2_5_CREPE_FL_HMEL012426g2.t1,0.9017131999999999,Drosophila_melanogaster_BDGP6_32_pep_all,FBgn0261963,mid
Heliconius,melpomene_melpomene_Hmel2_5_CREPE_FL_HMEL015047g1.t1,0.8427169999999999,Drosophila_melanogaster_BDGP6_32_pep_all,FBgn0001147,gsb-n
Heliconius,melpomene_melpomene_Hmel2_5_CREPE_FL_HMEL015048g1.t1,0.8434404987999999,Drosophila_melanogaster_BDGP6_32_pep_all,FBgn0001147,gsb-n
Heliconius,melpomene_melpomene_Hmel2_5_CREPE_FL_HMEL015048g1.t2,0.9912057999999999,Drosophila_melanogaster_BDGP6_32_pep_all,FBgn0001147,gsb-n
Heliconius,melpomene_melpomene_Hmel2_5_CREPE_FL_HMEL012214g1.t1,1.014625,Drosophila_melanogaster_BDGP6_32_pep_all,FBgn0019650,toy
Heliconius,melpomene_melpomene_Hmel2_5_CREPE_FL_HMEL033848g1.t1,1.0699214,Drosophila_melanogaster_BDGP6_32_pep_all,FBgn0000625,eyg
Heliconius,melpomene_melpomene_Hmel2_5_CREPE_FL_HMEL002395g1.t1,1.0657572,Drosophila_melanogaster_BDGP6_32_pep_all,FBgn0005558,ey
Heliconius,melpomene_melpomene_Hmel2_5_CREPE_FL_HMEL021801g1.t1,0.915256,Drosophila_melanogaster_BDGP6_32_pep_all,FBgn0005558,ey
Heliconius,melpomene_melpomene_Hmel2_5_CREPE_FL_HMEL003749g1.t1,1.1837616519999998,Drosophila_melanogaster_BDGP6_32_pep_all,FBgn0005561,sv
Heliconius,melpomene_melpomene_Hmel2_5_CREPE_FL_HMEL003749g1.t2,1.1963363,Drosophila_melanogaster_BDGP6_32_pep_all,FBgn0005561,sv
Heliconius,melpomene_melpomene_Hmel2_5_CREPE_FL_HMEL002901-RA,0.6201281,Drosophila_melanogaster_BDGP6_32_pep_all,FBgn0003130,Poxn
Heliconius,melpomene_melpomene_Hmel2_5_CREPE_FL_HMEL004481g1.t1,0.6976053999999999,Drosophila_melanogaster_BDGP6_32_pep_all,FBgn0003129,Poxm
Heliconius,melpomene_melpomene_Hmel2_5_CREPE_FL_HMEL008187g1.t1,0.9052340000000001,Drosophila_melanogaster_BDGP6_32_pep_all,FBgn0287186,scro
Heliconius,melpomene_melpomene_Hmel2_5_CREPE_FL_HMEL006180g1.t1,2.19622501,Drosophila_melanogaster_BDGP6_32_pep_all,FBgn0004110,tin
Heliconius,melpomene_melpomene_Hmel2_5_CREPE_FL_HMEL006181g1.t1,1.698409,Drosophila_melanogaster_BDGP6_32_pep_all,FBgn0004862,bap
Heliconius,melpomene_melpomene_Hmel2_5_CREPE_FL_HMEL012305g2.t1,1.7690299999999999,Drosophila_melanogaster_BDGP6_32_pep_all,FBgn0261930,vnd
Heliconius,melpomene_melpomene_Hmel2_5_CREPE_FL_HMEL012071g4.t1,0.5414354,Drosophila_melanogaster_BDGP6_32_pep_all,FBgn0005658,Ets65A
Heliconius,melpomene_melpomene_Hmel2_5_CREPE_FL_HMEL004504g1.t1,1.107889,Drosophila_melanogaster_BDGP6_32_pep_all,FBgn0005660,Ets21C
Heliconius,melpomene_melpomene_Hmel2_5_CREPE_FL_HMEL004734g1.t1,1.468936,Drosophila_melanogaster_BDGP6_32_pep_all,FBgn0003118,pnt
Heliconius,melpomene_melpomene_Hmel2_5_CREPE_FL_HMEL014879g1.t1,0.95226884,Drosophila_melanogaster_BDGP6_32_pep_all,FBgn0004510,Ets97D
Heliconius,melpomene_melpomene_Hmel2_5_CREPE_FL_HMEL014879g1.t2,0.95172516,Drosophila_melanogaster_BDGP6_32_pep_all,FBgn0004510,Ets97D
Heliconius,melpomene_melpomene_Hmel2_5_CREPE_FL_HMEL011784g1.t1,0.827377,Drosophila_melanogaster_BDGP6_32_pep_all,FBgn0086680,vvl
Heliconius,melpomene_melpomene_Hmel2_5_CREPE_FL_HMEL008572g1.t1,1.5339725,Drosophila_melanogaster_BDGP6_32_pep_all,FBgn0085424,nub
Heliconius,melpomene_melpomene_Hmel2_5_CREPE_FL_HMEL032731g1.t1,2.4004643,Drosophila_melanogaster_BDGP6_32_pep_all,FBgn0003117,pnr
Heliconius,melpomene_melpomene_Hmel2_5_CREPE_FL_HMEL007452g3.t1,2.041773,Drosophila_melanogaster_BDGP6_32_pep_all,FBgn0003117,pnr
Heliconius,melpomene_melpomene_Hmel2_5_CREPE_FL_HMEL007452g1.t1,1.7518327999999999,Drosophila_melanogaster_BDGP6_32_pep_all,FBgn0003117,pnr
Heliconius,melpomene_melpomene_Hmel2_5_CREPE_FL_HMEL007455g1.t2,1.1882947000000001,Drosophila_melanogaster_BDGP6_32_pep_all,FBgn0003117,pnr
Heliconius,melpomene_melpomene_Hmel2_5_CREPE_FL_HMEL007455g1.t1,1.1294633,Drosophila_melanogaster_BDGP6_32_pep_all,FBgn0003117,pnr
Heliconius,melpomene_melpomene_Hmel2_5_CREPE_FL_HMEL015354g1.t1,1.269224,Drosophila_melanogaster_BDGP6_32_pep_all,FBgn0001138,grn
Heliconius,melpomene_melpomene_Hmel2_5_CREPE_FL_HMEL035216g1.t1,2.00715048,Drosophila_melanogaster_BDGP6_32_pep_all,FBgn0011766,E2f1
Heliconius,melpomene_melpomene_Hmel2_5_CREPE_FL_HMEL015237g1.t1,2.0464448,Drosophila_melanogaster_BDGP6_32_pep_all,FBgn0011766,E2f1
Heliconius,melpomene_melpomene_Hmel2_5_CREPE_FL_HMEL007340g1.t1,0.922333,Drosophila_melanogaster_BDGP6_32_pep_all,FBgn0278608,Dsp1
Heliconius,melpomene_melpomene_Hmel2_5_CREPE_FL_HMEL010237g1.t1,1.055103,Drosophila_melanogaster_BDGP6_32_pep_all,FBgn0011277,HLH4C
Heliconius,melpomene_melpomene_Hmel2_5_CREPE_FL_HMEL013671g1.t1,1.6648779999999999,Drosophila_melanogaster_BDGP6_32_pep_all,FBgn0011276,HLH3B
Heliconius,melpomene_melpomene_Hmel2_5_CREPE_FL_HMEL017582g1.t1,1.082114,Drosophila_melanogaster_BDGP6_32_pep_all,FBgn0053557,CG33557
Heliconius,melpomene_melpomene_Hmel2_5_CREPE_FL_HMEL009793g1.t1,1.6853045,Drosophila_melanogaster_BDGP6_32_pep_all,FBgn0017414,cag
Heliconius,melpomene_melpomene_Hmel2_5_CREPE_FL_HMEL001028-RA,0.669265,Drosophila_melanogaster_BDGP6_32_pep_all,FBgn0025360,Optix
Heliconius,melpomene_melpomene_Hmel2_5_CREPE_FL_HMEL003792g1.t1,0.494281,Drosophila_melanogaster_BDGP6_32_pep_all,FBgn0003460,so
Heliconius,melpomene_melpomene_Hmel2_5_CREPE_FL_HMEL011274g1.t1,0.964804,Drosophila_melanogaster_BDGP6_32_pep_all,FBgn0027364,Six4
Heliconius,melpomene_melpomene_Hmel2_5_CREPE_FL_HMEL002096g2.t1,1.180768,Drosophila_melanogaster_BDGP6_32_pep_all,FBgn0014343,mirr
Heliconius,melpomene_melpomene_Hmel2_5_CREPE_FL_HMEL008471g6.t1,1.2434129999999999,Drosophila_melanogaster_BDGP6_32_pep_all,FBgn0015919,caup
Heliconius,melpomene_melpomene_Hmel2_5_CREPE_FL_HMEL012854g1.t1,1.028349,Drosophila_melanogaster_BDGP6_32_pep_all,FBgn0003720,tll
Heliconius,melpomene_melpomene_Hmel2_5_CREPE_FL_HMEL006080g1.t1,1.2059223000000001,Drosophila_melanogaster_BDGP6_32_pep_all,FBgn0034012,Hr51
Heliconius,melpomene_melpomene_Hmel2_5_CREPE_FL_HMEL035771g1.t1,2.0026058,Drosophila_melanogaster_BDGP6_32_pep_all,FBgn0037436,Hr83
Heliconius,melpomene_melpomene_Hmel2_5_CREPE_FL_HMEL004621g1.t1,0.9470582599999999,Drosophila_melanogaster_BDGP6_32_pep_all,FBgn0003651,svp
Heliconius,melpomene_melpomene_Hmel2_5_CREPE_FL_HMEL006147g3.t2,0.5170984279999999,Drosophila_melanogaster_BDGP6_32_pep_all,FBgn0040918,schlank
Heliconius,melpomene_melpomene_Hmel2_5_CREPE_FL_HMEL006147g3.t1,0.5343846,Drosophila_melanogaster_BDGP6_32_pep_all,FBgn0040918,schlank
Heliconius,melpomene_melpomene_Hmel2_5_CREPE_FL_HMEL009327g1.t1,0.374585,Drosophila_melanogaster_BDGP6_32_pep_all,FBgn0025800,Smox
Heliconius,melpomene_melpomene_Hmel2_5_CREPE_FL_HMEL034714g1.t1,0.2003169,Drosophila_melanogaster_BDGP6_32_pep_all,FBgn0011648,Mad
Heliconius,melpomene_melpomene_Hmel2_5_CREPE_FL_HMEL011725g1.t1,1.3408609999999999,Drosophila_melanogaster_BDGP6_32_pep_all,FBgn0003002,opa
Heliconius,melpomene_melpomene_Hmel2_5_CREPE_FL_HMEL005588g1.t1,1.45879393,Drosophila_melanogaster_BDGP6_32_pep_all,FBgn0001235,hth
Heliconius,melpomene_melpomene_Hmel2_5_CREPE_FL_HMEL016834g2.t1,0.7834460000000001,Drosophila_melanogaster_BDGP6_32_pep_all,FBgn0261953,TfAP-2
Heliconius,melpomene_melpomene_Hmel2_5_CREPE_FL_HMEL004315g1.t1,3.0858454,Drosophila_melanogaster_BDGP6_32_pep_all,FBgn0050443,Opbp
Heliconius,melpomene_melpomene_Hmel2_5_CREPE_FL_HMEL015430g1.t1,0.24766031,Drosophila_melanogaster_BDGP6_32_pep_all,FBgn0000611,exd
Heliconius,melpomene_melpomene_Hmel2_5_CREPE_FL_HMEL015430g1.t2,0.25244089000000003,Drosophila_melanogaster_BDGP6_32_pep_all,FBgn0000611,exd
Heliconius,melpomene_melpomene_Hmel2_5_CREPE_FL_HMEL015430g1.t3,0.21494497,Drosophila_melanogaster_BDGP6_32_pep_all,FBgn0000611,exd
Heliconius,melpomene_melpomene_Hmel2_5_CREPE_FL_HMEL015430g1.t4,0.21373945,Drosophila_melanogaster_BDGP6_32_pep_all,FBgn0000611,exd
Heliconius,melpomene_melpomene_Hmel2_5_CREPE_FL_HMEL013329g3.t1,0.7004606400000001,Drosophila_melanogaster_BDGP6_32_pep_all,FBgn0264075,tgo
Heliconius,melpomene_melpomene_Hmel2_5_CREPE_FL_HMEL013329g3.t2,0.69783936,Drosophila_melanogaster_BDGP6_32_pep_all,FBgn0264075,tgo
Heliconius,melpomene_melpomene_Hmel2_5_CREPE_FL_HMEL011026g1.t2,0.9074834999999999,Drosophila_melanogaster_BDGP6_32_pep_all,FBgn0023094,cyc
Heliconius,melpomene_melpomene_Hmel2_5_CREPE_FL_HMEL011026g1.t1,0.89984953,Drosophila_melanogaster_BDGP6_32_pep_all,FBgn0023094,cyc
Heliconius,melpomene_melpomene_Hmel2_5_CREPE_FL_HMEL011931g1.t1,1.481333,Drosophila_melanogaster_BDGP6_32_pep_all,FBgn0002723,Met
Heliconius,melpomene_melpomene_Hmel2_5_CREPE_FL_HMEL037015g1.t1,1.075877363,Drosophila_melanogaster_BDGP6_32_pep_all,FBgn0038197,foxo
Heliconius,melpomene_melpomene_Hmel2_5_CREPE_FL_HMEL037015g1.t2,1.08015164,Drosophila_melanogaster_BDGP6_32_pep_all,FBgn0038197,foxo
Heliconius,melpomene_melpomene_Hmel2_5_CREPE_FL_HMEL015497g1.t2,0.85679536,Drosophila_melanogaster_BDGP6_32_pep_all,FBgn0011656,Mef2
Heliconius,melpomene_melpomene_Hmel2_5_CREPE_FL_HMEL015497g1.t1,0.86364664,Drosophila_melanogaster_BDGP6_32_pep_all,FBgn0011656,Mef2
Heliconius,melpomene_melpomene_Hmel2_5_CREPE_FL_HMEL035119g1.t1,2.2167155999999997,Drosophila_melanogaster_BDGP6_32_pep_all,FBgn0035238,CG12104
Heliconius,melpomene_melpomene_Hmel2_5_CREPE_FL_HMEL035119g1.t2,2.1870451999999996,Drosophila_melanogaster_BDGP6_32_pep_all,FBgn0035238,CG12104
Heliconius,melpomene_melpomene_Hmel2_5_CREPE_FL_HMEL016588g3.t1,2.05465,Drosophila_melanogaster_BDGP6_32_pep_all,FBgn0085432,pan
Heliconius,melpomene_melpomene_Hmel2_5_CREPE_FL_HMEL015479g1.t2,1.6906333199999999,Drosophila_melanogaster_BDGP6_32_pep_all,FBgn0020379,Rfx
Heliconius,melpomene_melpomene_Hmel2_5_CREPE_FL_HMEL015479g1.t1,1.7032002999999998,Drosophila_melanogaster_BDGP6_32_pep_all,FBgn0020379,Rfx
Heliconius,melpomene_melpomene_Hmel2_5_CREPE_FL_HMEL020064g1.t1,0.8186249999999999,Drosophila_melanogaster_BDGP6_32_pep_all,FBgn0035849,ERR
Heliconius,melpomene_melpomene_Hmel2_5_CREPE_FL_HMEL037395g1.t1,1.1134947,Drosophila_melanogaster_BDGP6_32_pep_all,FBgn0000157,Dll
Heliconius,melpomene_melpomene_Hmel2_5_CREPE_FL_HMEL037395g1.t2,1.1303334600000001,Drosophila_melanogaster_BDGP6_32_pep_all,FBgn0000157,Dll
Heliconius,melpomene_melpomene_Hmel2_5_CREPE_FL_HMEL037395g1.t3,1.1392891,Drosophila_melanogaster_BDGP6_32_pep_all,FBgn0000157,Dll
Heliconius,melpomene_melpomene_Hmel2_5_CREPE_FL_HMEL006592g1.t1,1.4563689,Drosophila_melanogaster_BDGP6_32_pep_all,FBgn0000022,ac
Heliconius,melpomene_melpomene_Hmel2_5_CREPE_FL_HMEL004170g1.t1,1.6662319,Drosophila_melanogaster_BDGP6_32_pep_all,FBgn0000022,ac
Heliconius,melpomene_melpomene_Hmel2_5_CREPE_FL_HMEL006591g1.t1,1.2871529000000002,Drosophila_melanogaster_BDGP6_32_pep_all,FBgn0000022,ac
Heliconius,melpomene_melpomene_Hmel2_5_CREPE_FL_HMEL006590g1.t1,1.8041136,Drosophila_melanogaster_BDGP6_32_pep_all,FBgn0000022,ac
Heliconius,melpomene_melpomene_Hmel2_5_CREPE_FL_HMEL006056g3.t1,1.7676910000000001,Drosophila_melanogaster_BDGP6_32_pep_all,FBgn0263112,Mitf
Heliconius,melpomene_melpomene_Hmel2_5_CREPE_FL_HMEL003745g1.t1,1.2222332,Drosophila_melanogaster_BDGP6_32_pep_all,FBgn0042696,NfI
Heliconius,melpomene_melpomene_Hmel2_5_CREPE_FL_HMEL003745g1.t2,1.21622984,Drosophila_melanogaster_BDGP6_32_pep_all,FBgn0042696,NfI
Heliconius,melpomene_melpomene_Hmel2_5_CREPE_FL_HMEL004589g1.t1,1.4623119999999998,Drosophila_melanogaster_BDGP6_32_pep_all,FBgn0262477,FoxP
Heliconius,melpomene_melpomene_Hmel2_5_CREPE_FL_HMEL007347g1.t2,0.6451401,Drosophila_melanogaster_BDGP6_32_pep_all,FBgn0003345,sd
Heliconius,melpomene_melpomene_Hmel2_5_CREPE_FL_HMEL007347g1.t1,0.6777109,Drosophila_melanogaster_BDGP6_32_pep_all,FBgn0003345,sd
Heliconius,melpomene_melpomene_Hmel2_5_CREPE_FL_HMEL013726g1.t1,1.5973375,Drosophila_melanogaster_BDGP6_32_pep_all,FBgn0002922,nau
Heliconius,melpomene_melpomene_Hmel2_5_CREPE_FL_HMEL032546g1.t1,2.653213,Drosophila_melanogaster_BDGP6_32_pep_all,FBgn0000287,salr
Heliconius,melpomene_melpomene_Hmel2_5_CREPE_FL_HMEL007457g1.t1,1.7955943,Drosophila_melanogaster_BDGP6_32_pep_all,FBgn0261648,salm
Heliconius,melpomene_melpomene_Hmel2_5_CREPE_FL_HMEL007457g1.t2,1.7601536053,Drosophila_melanogaster_BDGP6_32_pep_all,FBgn0261648,salm
Heliconius,melpomene_melpomene_Hmel2_5_CREPE_FL_HMEL021154g1.t1,1.903171,Drosophila_melanogaster_BDGP6_32_pep_all,FBgn0000233,btd
Heliconius,melpomene_melpomene_Hmel2_5_CREPE_FL_HMEL017256g1.t1,2.012123,Drosophila_melanogaster_BDGP6_32_pep_all,FBgn0020378,Sp1
Heliconius,melpomene_melpomene_Hmel2_5_CREPE_FL_HMEL030178g1.t1,2.3897699999999995,Drosophila_melanogaster_BDGP6_32_pep_all,FBgn0020378,Sp1
Heliconius,melpomene_melpomene_Hmel2_5_CREPE_FL_HMEL007431g1.t1,2.4926985,Drosophila_melanogaster_BDGP6_32_pep_all,FBgn0020378,Sp1
Heliconius,melpomene_melpomene_Hmel2_5_CREPE_FL_HMEL005340g3.t1,0.9598450000000001,Drosophila_melanogaster_BDGP6_32_pep_all,FBgn0020378,Sp1
Heliconius,melpomene_melpomene_Hmel2_5_CREPE_FL_HMEL012502g1.t3,1.5338191700000001,Drosophila_melanogaster_BDGP6_32_pep_all,FBgn0001222,Hsf
Heliconius,melpomene_melpomene_Hmel2_5_CREPE_FL_HMEL012502g1.t4,1.5380029200000003,Drosophila_melanogaster_BDGP6_32_pep_all,FBgn0001222,Hsf
Heliconius,melpomene_melpomene_Hmel2_5_CREPE_FL_HMEL012502g1.t1,1.5226835600000002,Drosophila_melanogaster_BDGP6_32_pep_all,FBgn0001222,Hsf
Heliconius,melpomene_melpomene_Hmel2_5_CREPE_FL_HMEL012502g1.t2,1.5635740000000002,Drosophila_melanogaster_BDGP6_32_pep_all,FBgn0001222,Hsf
Heliconius,melpomene_melpomene_Hmel2_5_CREPE_FL_HMEL009106-RA,2.1693,Drosophila_melanogaster_BDGP6_32_pep_all,FBgn0001297,kay
Heliconius,melpomene_melpomene_Hmel2_5_CREPE_FL_HMEL036728g1.t1,2.96487946,Drosophila_melanogaster_BDGP6_32_pep_all,FBgn0035144,Kah
Heliconius,melpomene_melpomene_Hmel2_5_CREPE_FL_HMEL037200g1.t1,2.77168721,Drosophila_melanogaster_BDGP6_32_pep_all,FBgn0035144,Kah
Heliconius,melpomene_melpomene_Hmel2_5_CREPE_FL_HMEL017233g1.t1,2.2730639100000003,Drosophila_melanogaster_BDGP6_32_pep_all,FBgn0035144,Kah
Heliconius,melpomene_melpomene_Hmel2_5_CREPE_FL_HMEL034723g1.t1,2.4904457,Drosophila_melanogaster_BDGP6_32_pep_all,FBgn0035144,Kah
Heliconius,melpomene_melpomene_Hmel2_5_CREPE_FL_HMEL032066g1.t1,1.9996847,Drosophila_melanogaster_BDGP6_32_pep_all,FBgn0035144,Kah
Heliconius,melpomene_melpomene_Hmel2_5_CREPE_FL_HMEL002306g1.t1,1.679869,Drosophila_melanogaster_BDGP6_32_pep_all,FBgn0001981,esg
Heliconius,melpomene_melpomene_Hmel2_5_CREPE_FL_HMEL014701g1.t1,1.319182,Drosophila_melanogaster_BDGP6_32_pep_all,FBgn0004880,scrt
Heliconius,melpomene_melpomene_Hmel2_5_CREPE_FL_HMEL014701g5.t1,2.0319334,Drosophila_melanogaster_BDGP6_32_pep_all,FBgn0004880,scrt
Heliconius,melpomene_melpomene_Hmel2_5_CREPE_FL_HMEL008461g1.t1,0.984741,Drosophila_melanogaster_BDGP6_32_pep_all,FBgn0022959,yps
Heliconius,melpomene_melpomene_Hmel2_5_CREPE_FL_HMEL014003g2.t2,2.46489697,Drosophila_melanogaster_BDGP6_32_pep_all,FBgn0038244,CG7987
Heliconius,melpomene_melpomene_Hmel2_5_CREPE_FL_HMEL014003g2.t1,2.46306303,Drosophila_melanogaster_BDGP6_32_pep_all,FBgn0038244,CG7987
Heliconius,melpomene_melpomene_Hmel2_5_CREPE_FL_HMEL035345g1.t1,1.7072551,Drosophila_melanogaster_BDGP6_32_pep_all,FBgn0002521,pho
Heliconius,melpomene_melpomene_Hmel2_5_CREPE_FL_HMEL006876g1.t1,0.8927185400000001,Drosophila_melanogaster_BDGP6_32_pep_all,FBgn0037659,Kdm2
Heliconius,melpomene_melpomene_Hmel2_5_CREPE_FL_HMEL006876g1.t2,0.8926474600000001,Drosophila_melanogaster_BDGP6_32_pep_all,FBgn0037659,Kdm2
Heliconius,melpomene_melpomene_Hmel2_5_CREPE_FL_HMEL037664g1.t1,1.054699,Drosophila_melanogaster_BDGP6_32_pep_all,FBgn0000575,emc
Heliconius,melpomene_melpomene_Hmel2_5_CREPE_FL_HMEL003642g1.t1,0.958117,Drosophila_melanogaster_BDGP6_32_pep_all,FBgn0028387,chm
Heliconius,melpomene_melpomene_Hmel2_5_CREPE_FL_HMEL007277g1.t1,3.14724802,Drosophila_melanogaster_BDGP6_32_pep_all,FBgn0031874,CG13775
Heliconius,melpomene_melpomene_Hmel2_5_CREPE_FL_HMEL008426g1.t2,1.553814,Drosophila_melanogaster_BDGP6_32_pep_all,FBgn0001168,h
Heliconius,melpomene_melpomene_Hmel2_5_CREPE_FL_HMEL011919g1.t1,1.2603689999999999,Drosophila_melanogaster_BDGP6_32_pep_all,FBgn0001168,h
Heliconius,melpomene_melpomene_Hmel2_5_CREPE_FL_HMEL036789g1.t1,1.1664421,Drosophila_melanogaster_BDGP6_32_pep_all,FBgn0002733,E(spl)mbeta-HLH
Heliconius,melpomene_melpomene_Hmel2_5_CREPE_FL_HMEL036791g1.t1,1.5216830999999997,Drosophila_melanogaster_BDGP6_32_pep_all,FBgn0002733,E(spl)mbeta-HLH
Heliconius,melpomene_melpomene_Hmel2_5_CREPE_FL_HMEL013921g1.t1,0.9887121000000001,Drosophila_melanogaster_BDGP6_32_pep_all,FBgn0002733,E(spl)mbeta-HLH
Heliconius,melpomene_melpomene_Hmel2_5_CREPE_FL_HMEL035141g1.t2,1.0653125,Drosophila_melanogaster_BDGP6_32_pep_all,FBgn0265784,CrebB
Heliconius,melpomene_melpomene_Hmel2_5_CREPE_FL_HMEL035141g1.t1,1.0622996599999999,Drosophila_melanogaster_BDGP6_32_pep_all,FBgn0265784,CrebB
Heliconius,melpomene_melpomene_Hmel2_5_CREPE_FL_HMEL035141g1.t3,1.12708042,Drosophila_melanogaster_BDGP6_32_pep_all,FBgn0265784,CrebB
Heliconius,melpomene_melpomene_Hmel2_5_CREPE_FL_HMEL004935g1.t1,0.9793229,Drosophila_melanogaster_BDGP6_32_pep_all,FBgn0031759,lid
Heliconius,melpomene_melpomene_Hmel2_5_CREPE_FL_HMEL015554g1.t1,0.9327289999999999,Drosophila_melanogaster_BDGP6_32_pep_all,FBgn0031759,lid
Heliconius,melpomene_melpomene_Hmel2_5_CREPE_FL_HMEL016622g1.t1,1.126788,Drosophila_melanogaster_BDGP6_32_pep_all,FBgn0037475,Fer1
Heliconius,melpomene_melpomene_Hmel2_5_CREPE_FL_HMEL002827g1.t1,0.894908,Drosophila_melanogaster_BDGP6_32_pep_all,FBgn0038402,Fer2
Heliconius,melpomene_melpomene_Hmel2_5_CREPE_FL_HMEL017405g1.t1,1.373071,Drosophila_melanogaster_BDGP6_32_pep_all,FBgn0010433,ato
Heliconius,melpomene_melpomene_Hmel2_5_CREPE_FL_HMEL009114g1.t1,0.927753,Drosophila_melanogaster_BDGP6_32_pep_all,FBgn0037937,Fer3
Heliconius,melpomene_melpomene_Hmel2_5_CREPE_FL_HMEL037412g1.t3,1.3106136,Drosophila_melanogaster_BDGP6_32_pep_all,FBgn0050011,gem
Heliconius,melpomene_melpomene_Hmel2_5_CREPE_FL_HMEL037412g1.t2,1.394264,Drosophila_melanogaster_BDGP6_32_pep_all,FBgn0050011,gem
Heliconius,melpomene_melpomene_Hmel2_5_CREPE_FL_HMEL037412g1.t1,1.335903,Drosophila_melanogaster_BDGP6_32_pep_all,FBgn0050011,gem
Heliconius,melpomene_melpomene_Hmel2_5_CREPE_FL_HMEL013133g1.t1,1.4599609999999998,Drosophila_melanogaster_BDGP6_32_pep_all,FBgn0264005,Hmx
Heliconius,melpomene_melpomene_Hmel2_5_CREPE_FL_HMEL012265g1.t3,0.688268423,Drosophila_melanogaster_BDGP6_32_pep_all,FBgn0000546,EcR
Heliconius,melpomene_melpomene_Hmel2_5_CREPE_FL_HMEL012265g1.t1,0.6981291947,Drosophila_melanogaster_BDGP6_32_pep_all,FBgn0000546,EcR
Heliconius,melpomene_melpomene_Hmel2_5_CREPE_FL_HMEL012265g1.t2,0.7120314999999999,Drosophila_melanogaster_BDGP6_32_pep_all,FBgn0000546,EcR
Heliconius,melpomene_melpomene_Hmel2_5_CREPE_FL_HMEL022431g1.t1,1.439251,Drosophila_melanogaster_BDGP6_32_pep_all,FBgn0003300,run
Heliconius,melpomene_melpomene_Hmel2_5_CREPE_FL_HMEL036748g1.t1,1.163241,Drosophila_melanogaster_BDGP6_32_pep_all,FBgn0083981,RunxA
Heliconius,melpomene_melpomene_Hmel2_5_CREPE_FL_HMEL009767g2.t1,1.165718,Drosophila_melanogaster_BDGP6_32_pep_all,FBgn0083981,RunxA
Heliconius,melpomene_melpomene_Hmel2_5_CREPE_FL_HMEL036745g1.t1,1.045337,Drosophila_melanogaster_BDGP6_32_pep_all,FBgn0259162,RunxB
Heliconius,melpomene_melpomene_Hmel2_5_CREPE_FL_HMEL011239g1.t1,0.951725,Drosophila_melanogaster_BDGP6_32_pep_all,FBgn0000448,Hr3
Heliconius,melpomene_melpomene_Hmel2_5_CREPE_FL_HMEL016061g1.t4,1.8797683,Drosophila_melanogaster_BDGP6_32_pep_all,FBgn0267821,da
Heliconius,melpomene_melpomene_Hmel2_5_CREPE_FL_HMEL016061g1.t3,1.86691568,Drosophila_melanogaster_BDGP6_32_pep_all,FBgn0267821,da
Heliconius,melpomene_melpomene_Hmel2_5_CREPE_FL_HMEL016061g1.t1,1.8272688064,Drosophila_melanogaster_BDGP6_32_pep_all,FBgn0267821,da
Heliconius,melpomene_melpomene_Hmel2_5_CREPE_FL_HMEL016061g1.t2,1.8022257064,Drosophila_melanogaster_BDGP6_32_pep_all,FBgn0267821,da
Heliconius,melpomene_melpomene_Hmel2_5_CREPE_FL_HMEL012384g1.t1,0.819476,Drosophila_melanogaster_BDGP6_32_pep_all,FBgn0032651,Oli
Heliconius,melpomene_melpomene_Hmel2_5_CREPE_FL_HMEL002385g1.t1,2.0734801961000002,Drosophila_melanogaster_BDGP6_32_pep_all,FBgn0263772,CG43689
Heliconius,melpomene_melpomene_Hmel2_5_CREPE_FL_HMEL002385g1.t2,2.07935901,Drosophila_melanogaster_BDGP6_32_pep_all,FBgn0263772,CG43689
Heliconius,melpomene_melpomene_Hmel2_5_CREPE_FL_HMEL030088g1.t1,1.438639,Drosophila_melanogaster_BDGP6_32_pep_all,FBgn0004102,oc
Heliconius,melpomene_melpomene_Hmel2_5_CREPE_FL_HMEL005630g1.t1,3.0617181999999996,Drosophila_melanogaster_BDGP6_32_pep_all,FBgn0014859,Hr38
Heliconius,melpomene_melpomene_Hmel2_5_CREPE_FL_HMEL012492g1.t1,1.002351,Drosophila_melanogaster_BDGP6_32_pep_all,FBgn0014859,Hr38
Heliconius,melpomene_melpomene_Hmel2_5_CREPE_FL_HMEL003966g2.t1,3.2126514999999998,Drosophila_melanogaster_BDGP6_32_pep_all,FBgn0034062,CG8388
Heliconius,melpomene_melpomene_Hmel2_5_CREPE_FL_HMEL014525g1.t1,3.0443744000000006,Drosophila_melanogaster_BDGP6_32_pep_all,FBgn0034062,CG8388
Heliconius,melpomene_melpomene_Hmel2_5_CREPE_FL_HMEL013445g1.t1,2.5220645,Drosophila_melanogaster_BDGP6_32_pep_all,FBgn0034062,CG8388
Heliconius,melpomene_melpomene_Hmel2_5_CREPE_FL_HMEL012928g1.t1,3.1425918,Drosophila_melanogaster_BDGP6_32_pep_all,FBgn0034062,CG8388
Heliconius,melpomene_melpomene_Hmel2_5_CREPE_FL_HMEL022554g3.t1,2.8575336,Drosophila_melanogaster_BDGP6_32_pep_all,FBgn0034062,CG8388
Heliconius,melpomene_melpomene_Hmel2_5_CREPE_FL_HMEL034438g1.t1,2.8976135999999997,Drosophila_melanogaster_BDGP6_32_pep_all,FBgn0034062,CG8388
Heliconius,melpomene_melpomene_Hmel2_5_CREPE_FL_HMEL005256g1.t1,2.7683448000000004,Drosophila_melanogaster_BDGP6_32_pep_all,FBgn0034062,CG8388
Heliconius,melpomene_melpomene_Hmel2_5_CREPE_FL_HMEL022523g1.t1,2.7419488000000003,Drosophila_melanogaster_BDGP6_32_pep_all,FBgn0034062,CG8388
Heliconius,melpomene_melpomene_Hmel2_5_CREPE_FL_HMEL022594g1.t1,2.9126388,Drosophila_melanogaster_BDGP6_32_pep_all,FBgn0034062,CG8388
Heliconius,melpomene_melpomene_Hmel2_5_CREPE_FL_HMEL015467g1.t1,3.0292776000000003,Drosophila_melanogaster_BDGP6_32_pep_all,FBgn0034062,CG8388
Heliconius,melpomene_melpomene_Hmel2_5_CREPE_FL_HMEL016466g1.t1,1.158899,Drosophila_melanogaster_BDGP6_32_pep_all,FBgn0028979,tio
Heliconius,melpomene_melpomene_Hmel2_5_CREPE_FL_HMEL037190g1.t1,1.419817,Drosophila_melanogaster_BDGP6_32_pep_all,FBgn0039225,Ets96B
Heliconius,melpomene_melpomene_Hmel2_5_CREPE_FL_HMEL017165g1.t1,1.5090143,Drosophila_melanogaster_BDGP6_32_pep_all,FBgn0002914,Myb
Heliconius,melpomene_melpomene_Hmel2_5_CREPE_FL_HMEL017165g1.t3,1.49232038,Drosophila_melanogaster_BDGP6_32_pep_all,FBgn0002914,Myb
Heliconius,melpomene_melpomene_Hmel2_5_CREPE_FL_HMEL017165g1.t2,1.49439,Drosophila_melanogaster_BDGP6_32_pep_all,FBgn0002914,Myb
Heliconius,melpomene_melpomene_Hmel2_5_CREPE_FL_HMEL030790g1.t1,2.152107,Drosophila_melanogaster_BDGP6_32_pep_all,FBgn0003396,shn
Heliconius,melpomene_melpomene_Hmel2_5_CREPE_FL_HMEL006505g1.t1,1.80809,Drosophila_melanogaster_BDGP6_32_pep_all,FBgn0003499,sr
Heliconius,melpomene_melpomene_Hmel2_5_CREPE_FL_HMEL013326g1.t1,0.83563,Drosophila_melanogaster_BDGP6_32_pep_all,FBgn0259211,grh
Heliconius,melpomene_melpomene_Hmel2_5_CREPE_FL_HMEL015221g1.t1,2.8293907000000003,Drosophila_melanogaster_BDGP6_32_pep_all,FBgn0040765,luna
Heliconius,melpomene_melpomene_Hmel2_5_CREPE_FL_HMEL002401g1.t1,2.148608,Drosophila_melanogaster_BDGP6_32_pep_all,FBgn0043364,cbt
Heliconius,melpomene_melpomene_Hmel2_5_CREPE_FL_HMEL035337g1.t1,2.1896488,Drosophila_melanogaster_BDGP6_32_pep_all,FBgn0040765,luna
Heliconius,melpomene_melpomene_Hmel2_5_CREPE_FL_HMEL003963g1.t1,1.418647,Drosophila_melanogaster_BDGP6_32_pep_all,FBgn0040765,luna
Heliconius,melpomene_melpomene_Hmel2_5_CREPE_FL_HMEL006176g1.t1,1.4115253,Drosophila_melanogaster_BDGP6_32_pep_all,FBgn0000492,Dr
Heliconius,melpomene_melpomene_Hmel2_5_CREPE_FL_HMEL006178g2.t1,1.413626,Drosophila_melanogaster_BDGP6_32_pep_all,FBgn0000492,Dr
Heliconius,melpomene_melpomene_Hmel2_5_CREPE_FL_HMEL031257g1.t1,1.488042,Drosophila_melanogaster_BDGP6_32_pep_all,FBgn0000567,Eip74EF
Heliconius,melpomene_melpomene_Hmel2_5_CREPE_FL_HMEL015594g3.t1,0.8176145,Drosophila_melanogaster_BDGP6_32_pep_all,FBgn0027951,MTA1-like
Heliconius,melpomene_melpomene_Hmel2_5_CREPE_FL_HMEL015594g3.t2,0.8219495,Drosophila_melanogaster_BDGP6_32_pep_all,FBgn0027951,MTA1-like
Heliconius,melpomene_melpomene_Hmel2_5_CREPE_FL_HMEL007184g1.t1,1.51723789,Drosophila_melanogaster_BDGP6_32_pep_all,FBgn0016917,Stat92E
Heliconius,melpomene_melpomene_Hmel2_5_CREPE_FL_HMEL007184g1.t2,1.5419997,Drosophila_melanogaster_BDGP6_32_pep_all,FBgn0016917,Stat92E
Heliconius,melpomene_melpomene_Hmel2_5_CREPE_FL_HMEL032400g1.t1,1.4350215299999998,Drosophila_melanogaster_BDGP6_32_pep_all,FBgn0004795,retn
Heliconius,melpomene_melpomene_Hmel2_5_CREPE_FL_HMEL032400g1.t2,1.4282964649999998,Drosophila_melanogaster_BDGP6_32_pep_all,FBgn0004795,retn
Heliconius,melpomene_melpomene_Hmel2_5_CREPE_FL_HMEL012804g2.t1,2.1392101,Drosophila_melanogaster_BDGP6_32_pep_all,FBgn0020912,Ptx1
Heliconius,melpomene_melpomene_Hmel2_5_CREPE_FL_HMEL003746g1.t1,1.4977209999999999,Drosophila_melanogaster_BDGP6_32_pep_all,FBgn0028996,onecut
Heliconius,melpomene_melpomene_Hmel2_5_CREPE_FL_HMEL016680g2.t1,1.5190586000000001,Drosophila_melanogaster_BDGP6_32_pep_all,FBgn0000251,cad
Heliconius,melpomene_melpomene_Hmel2_5_CREPE_FL_HMEL014074g1.t1,0.75867,Drosophila_melanogaster_BDGP6_32_pep_all,FBgn0000568,Eip75B
Heliconius,melpomene_melpomene_Hmel2_5_CREPE_FL_HMEL017935g2.t1,1.6145930000000002,Drosophila_melanogaster_BDGP6_32_pep_all,FBgn0004865,Eip78C
Heliconius,melpomene_melpomene_Hmel2_5_CREPE_FL_HMEL006570g1.t1,2.1012079999999997,Drosophila_melanogaster_BDGP6_32_pep_all,FBgn0028550,Atf3
Heliconius,melpomene_melpomene_Hmel2_5_CREPE_FL_HMEL002792g2.t1,1.813613,Drosophila_melanogaster_BDGP6_32_pep_all,FBgn0261573,CoRest
Heliconius,melpomene_melpomene_Hmel2_5_CREPE_FL_HMEL013520g4.t1,0.512798,Drosophila_melanogaster_BDGP6_32_pep_all,FBgn0000028,acj6
Heliconius,melpomene_melpomene_Hmel2_5_CREPE_FL_HMEL011628g1.t1,0.6859379999999999,Drosophila_melanogaster_BDGP6_32_pep_all,FBgn0004863,C15
Heliconius,melpomene_melpomene_Hmel2_5_CREPE_FL_HMEL022040g6.t1,1.437676,Drosophila_melanogaster_BDGP6_32_pep_all,FBgn0001291,Jra
Heliconius,melpomene_melpomene_Hmel2_5_CREPE_FL_HMEL003084g1.t1,0.9449609999999999,Drosophila_melanogaster_BDGP6_32_pep_all,FBgn0027788,Hey
Heliconius,melpomene_melpomene_Hmel2_5_CREPE_FL_HMEL037170g1.t1,1.7208782256,Drosophila_melanogaster_BDGP6_32_pep_all,FBgn0004606,zfh1
Heliconius,melpomene_melpomene_Hmel2_5_CREPE_FL_HMEL037170g1.t2,1.7961099999999999,Drosophila_melanogaster_BDGP6_32_pep_all,FBgn0004606,zfh1
Heliconius,melpomene_melpomene_Hmel2_5_CREPE_FL_HMEL016865g1.t1,1.107122,Drosophila_melanogaster_BDGP6_32_pep_all,FBgn0015240,Hr96
Heliconius,melpomene_melpomene_Hmel2_5_CREPE_FL_HMEL006100g1.t1,1.2088139999999998,Drosophila_melanogaster_BDGP6_32_pep_all,FBgn0040318,HGTX
Heliconius,melpomene_melpomene_Hmel2_5_CREPE_FL_HMEL010893g1.t1,3.2084048,Drosophila_melanogaster_BDGP6_32_pep_all,FBgn0032730,CG10431
Heliconius,melpomene_melpomene_Hmel2_5_CREPE_FL_HMEL001029g1.t1,3.0148829999999998,Drosophila_melanogaster_BDGP6_32_pep_all,FBgn0032730,CG10431
Heliconius,melpomene_melpomene_Hmel2_5_CREPE_FL_HMEL011763g1.t1,2.674494873,Drosophila_melanogaster_BDGP6_32_pep_all,FBgn0033459,CG12744
Heliconius,melpomene_melpomene_Hmel2_5_CREPE_FL_HMEL013456g5.t1,2.610387463,Drosophila_melanogaster_BDGP6_32_pep_all,FBgn0033459,CG12744
Heliconius,melpomene_melpomene_Hmel2_5_CREPE_FL_HMEL013456g4.t1,2.464983463,Drosophila_melanogaster_BDGP6_32_pep_all,FBgn0033459,CG12744
Heliconius,melpomene_melpomene_Hmel2_5_CREPE_FL_HMEL034145g1.t1,2.3795344629999997,Drosophila_melanogaster_BDGP6_32_pep_all,FBgn0033459,CG12744
Heliconius,melpomene_melpomene_Hmel2_5_CREPE_FL_HMEL013456g8.t1,2.7291014629999997,Drosophila_melanogaster_BDGP6_32_pep_all,FBgn0033459,CG12744
Heliconius,melpomene_melpomene_Hmel2_5_CREPE_FL_HMEL034146g1.t1,2.716592463,Drosophila_melanogaster_BDGP6_32_pep_all,FBgn0033459,CG12744
Heliconius,melpomene_melpomene_Hmel2_5_CREPE_FL_HMEL034148g1.t1,2.336470463,Drosophila_melanogaster_BDGP6_32_pep_all,FBgn0033459,CG12744
Heliconius,melpomene_melpomene_Hmel2_5_CREPE_FL_HMEL013456g7.t1,2.265595463,Drosophila_melanogaster_BDGP6_32_pep_all,FBgn0033459,CG12744
Heliconius,melpomene_melpomene_Hmel2_5_CREPE_FL_HMEL013456g3.t1,2.451337963,Drosophila_melanogaster_BDGP6_32_pep_all,FBgn0033459,CG12744
Heliconius,melpomene_melpomene_Hmel2_5_CREPE_FL_HMEL013445g2.t1,2.299920563,Drosophila_melanogaster_BDGP6_32_pep_all,FBgn0033459,CG12744
Heliconius,melpomene_melpomene_Hmel2_5_CREPE_FL_HMEL013453g3.t1,2.579057863,Drosophila_melanogaster_BDGP6_32_pep_all,FBgn0033459,CG12744
Heliconius,melpomene_melpomene_Hmel2_5_CREPE_FL_HMEL013453g2.t1,2.7620478630000003,Drosophila_melanogaster_BDGP6_32_pep_all,FBgn0033459,CG12744
Heliconius,melpomene_melpomene_Hmel2_5_CREPE_FL_HMEL013450g1.t1,2.4097838630000004,Drosophila_melanogaster_BDGP6_32_pep_all,FBgn0033459,CG12744
Heliconius,melpomene_melpomene_Hmel2_5_CREPE_FL_HMEL013452g1.t1,2.463564863,Drosophila_melanogaster_BDGP6_32_pep_all,FBgn0033459,CG12744
Heliconius,melpomene_melpomene_Hmel2_5_CREPE_FL_HMEL013445g5.t1,2.2516677630000004,Drosophila_melanogaster_BDGP6_32_pep_all,FBgn0033459,CG12744
Heliconius,melpomene_melpomene_Hmel2_5_CREPE_FL_HMEL013445g7.t2,2.4634652630000002,Drosophila_melanogaster_BDGP6_32_pep_all,FBgn0033459,CG12744
Heliconius,melpomene_melpomene_Hmel2_5_CREPE_FL_HMEL013445g7.t1,2.850778163,Drosophila_melanogaster_BDGP6_32_pep_all,FBgn0033459,CG12744
Heliconius,melpomene_melpomene_Hmel2_5_CREPE_FL_HMEL013443g1.t1,2.711412563,Drosophila_melanogaster_BDGP6_32_pep_all,FBgn0033459,CG12744
Heliconius,melpomene_melpomene_Hmel2_5_CREPE_FL_HMEL013445g6.t1,2.3674325630000004,Drosophila_melanogaster_BDGP6_32_pep_all,FBgn0033459,CG12744
Heliconius,melpomene_melpomene_Hmel2_5_CREPE_FL_HMEL013447g1.t1,2.734108563,Drosophila_melanogaster_BDGP6_32_pep_all,FBgn0033459,CG12744
Heliconius,melpomene_melpomene_Hmel2_5_CREPE_FL_HMEL013447g2.t1,2.791945563,Drosophila_melanogaster_BDGP6_32_pep_all,FBgn0033459,CG12744
Heliconius,melpomene_melpomene_Hmel2_5_CREPE_FL_HMEL013446g1.t1,2.7749110630000002,Drosophila_melanogaster_BDGP6_32_pep_all,FBgn0033459,CG12744
Heliconius,melpomene_melpomene_Hmel2_5_CREPE_FL_HMEL034139g1.t1,2.307236263,Drosophila_melanogaster_BDGP6_32_pep_all,FBgn0033459,CG12744
Heliconius,melpomene_melpomene_Hmel2_5_CREPE_FL_HMEL034139g1.t2,2.298592863,Drosophila_melanogaster_BDGP6_32_pep_all,FBgn0033459,CG12744
Heliconius,melpomene_melpomene_Hmel2_5_CREPE_FL_HMEL034141g1.t1,2.624109063,Drosophila_melanogaster_BDGP6_32_pep_all,FBgn0033459,CG12744
Heliconius,melpomene_melpomene_Hmel2_5_CREPE_FL_HMEL013449g1.t1,2.614630963,Drosophila_melanogaster_BDGP6_32_pep_all,FBgn0033459,CG12744
Heliconius,melpomene_melpomene_Hmel2_5_CREPE_FL_HMEL013445g4.t1,2.706735963,Drosophila_melanogaster_BDGP6_32_pep_all,FBgn0033459,CG12744
Heliconius,melpomene_melpomene_Hmel2_5_CREPE_FL_HMEL013445g3.t1,2.747305963,Drosophila_melanogaster_BDGP6_32_pep_all,FBgn0033459,CG12744
Heliconius,melpomene_melpomene_Hmel2_5_CREPE_FL_HMEL013445g14.t1,2.568627963,Drosophila_melanogaster_BDGP6_32_pep_all,FBgn0033459,CG12744
Heliconius,melpomene_melpomene_Hmel2_5_CREPE_FL_HMEL013445g10.t1,2.3931919629999996,Drosophila_melanogaster_BDGP6_32_pep_all,FBgn0033459,CG12744
Heliconius,melpomene_melpomene_Hmel2_5_CREPE_FL_HMEL013445g11.t1,2.3968039629999995,Drosophila_melanogaster_BDGP6_32_pep_all,FBgn0033459,CG12744
Heliconius,melpomene_melpomene_Hmel2_5_CREPE_FL_HMEL013445g12.t1,2.414576963,Drosophila_melanogaster_BDGP6_32_pep_all,FBgn0033459,CG12744
Heliconius,melpomene_melpomene_Hmel2_5_CREPE_FL_HMEL013445g9.t1,2.650786963,Drosophila_melanogaster_BDGP6_32_pep_all,FBgn0033459,CG12744
Heliconius,melpomene_melpomene_Hmel2_5_CREPE_FL_HMEL013445g8.t1,2.859581963,Drosophila_melanogaster_BDGP6_32_pep_all,FBgn0033459,CG12744
Heliconius,melpomene_melpomene_Hmel2_5_CREPE_FL_HMEL033193g1.t2,0.9934443749999999,Drosophila_melanogaster_BDGP6_32_pep_all,FBgn0004198,ct
Heliconius,melpomene_melpomene_Hmel2_5_CREPE_FL_HMEL033193g1.t1,0.9984016199999999,Drosophila_melanogaster_BDGP6_32_pep_all,FBgn0004198,ct
Heliconius,melpomene_melpomene_Hmel2_5_CREPE_FL_HMEL002947g1.t1,1.595749,Drosophila_melanogaster_BDGP6_32_pep_all,FBgn0024244,drm
Heliconius,melpomene_melpomene_Hmel2_5_CREPE_FL_HMEL007217g1.t1,0.679925,Drosophila_melanogaster_BDGP6_32_pep_all,FBgn0024244,drm
Heliconius,melpomene_melpomene_Hmel2_5_CREPE_FL_HMEL004058g3.t1,1.7682790000000002,Drosophila_melanogaster_BDGP6_32_pep_all,FBgn0024244,drm
Heliconius,melpomene_melpomene_Hmel2_5_CREPE_FL_HMEL007225g1.t1,1.4726952,Drosophila_melanogaster_BDGP6_32_pep_all,FBgn0024244,drm
Heliconius,melpomene_melpomene_Hmel2_5_CREPE_FL_HMEL007222g1.t1,1.5550867999999998,Drosophila_melanogaster_BDGP6_32_pep_all,FBgn0024244,drm
Heliconius,melpomene_melpomene_Hmel2_5_CREPE_FL_HMEL006827g1.t1,2.0348455999999997,Drosophila_melanogaster_BDGP6_32_pep_all,FBgn0003028,ovo
Heliconius,melpomene_melpomene_Hmel2_5_CREPE_FL_HMEL006827g1.t2,2.02804737,Drosophila_melanogaster_BDGP6_32_pep_all,FBgn0003028,ovo
Heliconius,melpomene_melpomene_Hmel2_5_CREPE_FL_HMEL033115g1.t1,1.8461869,Drosophila_melanogaster_BDGP6_32_pep_all,FBgn0033748,vis
Heliconius,melpomene_melpomene_Hmel2_5_CREPE_FL_HMEL014586g1.t1,1.6522769000000002,Drosophila_melanogaster_BDGP6_32_pep_all,FBgn0033748,vis
Heliconius,melpomene_melpomene_Hmel2_5_CREPE_FL_HMEL036737g1.t1,1.1163626,Drosophila_melanogaster_BDGP6_32_pep_all,FBgn0283658,muc
Heliconius,melpomene_melpomene_Hmel2_5_CREPE_FL_HMEL002304g1.t1,1.140068,Drosophila_melanogaster_BDGP6_32_pep_all,FBgn0011763,Dp
Heliconius,melpomene_melpomene_Hmel2_5_CREPE_FL_HMEL007073g1.t1,0.60734,Drosophila_melanogaster_BDGP6_32_pep_all,FBgn0035626,lin-28
Heliconius,melpomene_melpomene_Hmel2_5_CREPE_FL_HMEL008794g1.t1,0.672215,Drosophila_melanogaster_BDGP6_32_pep_all,FBgn0052105,Lmx1a
Heliconius,melpomene_melpomene_Hmel2_5_CREPE_FL_HMEL038175g1.t1,2.6919978,Drosophila_melanogaster_BDGP6_32_pep_all,FBgn0039740,ZIPIC
Heliconius,melpomene_melpomene_Hmel2_5_CREPE_FL_HMEL002445g1.t1,3.0159645,Drosophila_melanogaster_BDGP6_32_pep_all,FBgn0039740,ZIPIC
Heliconius,melpomene_melpomene_Hmel2_5_CREPE_FL_HMEL007275g1.t1,3.0814629,Drosophila_melanogaster_BDGP6_32_pep_all,FBgn0039740,ZIPIC
Heliconius,melpomene_melpomene_Hmel2_5_CREPE_FL_HMEL030180g1.t1,0.230875,Drosophila_melanogaster_BDGP6_32_pep_all,FBgn0004837,Su(H)
Heliconius,melpomene_melpomene_Hmel2_5_CREPE_FL_HMEL006348g1.t1,1.160514,Drosophila_melanogaster_BDGP6_32_pep_all,FBgn0004854,B-H2
Heliconius,melpomene_melpomene_Hmel2_5_CREPE_FL_HMEL030426g1.t2,1.764073,Drosophila_melanogaster_BDGP6_32_pep_all,FBgn0261885,osa
Heliconius,melpomene_melpomene_Hmel2_5_CREPE_FL_HMEL030426g1.t1,1.75436296,Drosophila_melanogaster_BDGP6_32_pep_all,FBgn0261885,osa
Heliconius,melpomene_melpomene_Hmel2_5_CREPE_FL_HMEL015211g1.t1,2.188,Drosophila_melanogaster_BDGP6_32_pep_all,FBgn0038016,MBD-R2
Heliconius,melpomene_melpomene_Hmel2_5_CREPE_FL_HMEL011603g1.t1,1.804182,Drosophila_melanogaster_BDGP6_32_pep_all,FBgn0003900,twi
Heliconius,melpomene_melpomene_Hmel2_5_CREPE_FL_HMEL021619g1.t1,1.7711420000000002,Drosophila_melanogaster_BDGP6_32_pep_all,FBgn0263118,tx
Heliconius,melpomene_melpomene_Hmel2_5_CREPE_FL_HMEL032059g1.t1,1.407013,Drosophila_melanogaster_BDGP6_32_pep_all,FBgn0015550,tap
Heliconius,melpomene_melpomene_Hmel2_5_CREPE_FL_HMEL010318g1.t1,0.9892880000000001,Drosophila_melanogaster_BDGP6_32_pep_all,FBgn0261239,Hr39
Heliconius,melpomene_melpomene_Hmel2_5_CREPE_FL_HMEL008775g1.t1,1.161763,Drosophila_melanogaster_BDGP6_32_pep_all,FBgn0001078,ftz-f1
Heliconius,melpomene_melpomene_Hmel2_5_CREPE_FL_HMEL017601g1.t1,0.8692844599999999,Drosophila_melanogaster_BDGP6_32_pep_all,FBgn0002783,mor
Heliconius,melpomene_melpomene_Hmel2_5_CREPE_FL_HMEL017601g1.t2,0.87212454,Drosophila_melanogaster_BDGP6_32_pep_all,FBgn0002783,mor
Heliconius,melpomene_melpomene_Hmel2_5_CREPE_FL_HMEL025049-RA,2.3297309,Drosophila_melanogaster_BDGP6_32_pep_all,FBgn0000606,eve
Heliconius,melpomene_melpomene_Hmel2_5_CREPE_FL_HMEL011193g1.t1,1.164467,Drosophila_melanogaster_BDGP6_32_pep_all,FBgn0000606,eve
Heliconius,melpomene_melpomene_Hmel2_5_CREPE_FL_HMEL008404g1.t1,1.098296,Drosophila_melanogaster_BDGP6_32_pep_all,FBgn0267978,ap
Heliconius,melpomene_melpomene_Hmel2_5_CREPE_FL_HMEL017925g1.t1,1.07191,Drosophila_melanogaster_BDGP6_32_pep_all,FBgn0267978,ap
Heliconius,melpomene_melpomene_Hmel2_5_CREPE_FL_HMEL006871g1.t2,0.5828043,Drosophila_melanogaster_BDGP6_32_pep_all,FBgn0026411,Lim1
Heliconius,melpomene_melpomene_Hmel2_5_CREPE_FL_HMEL006871g1.t1,0.5877737000000001,Drosophila_melanogaster_BDGP6_32_pep_all,FBgn0026411,Lim1
Heliconius,melpomene_melpomene_Hmel2_5_CREPE_FL_HMEL005746g1.t1,1.509703,Drosophila_melanogaster_BDGP6_32_pep_all,FBgn0032940,Mondo
Heliconius,melpomene_melpomene_Hmel2_5_CREPE_FL_HMEL031682g1.t1,3.664762,Drosophila_melanogaster_BDGP6_32_pep_all,FBgn0284250,Oaz
Heliconius,melpomene_melpomene_Hmel2_5_CREPE_FL_HMEL037198g1.t1,3.023692,Drosophila_melanogaster_BDGP6_32_pep_all,FBgn0284250,Oaz
Heliconius,melpomene_melpomene_Hmel2_5_CREPE_FL_HMEL012500g1.t1,2.25542,Drosophila_melanogaster_BDGP6_32_pep_all,FBgn0284250,Oaz
Heliconius,melpomene_melpomene_Hmel2_5_CREPE_FL_HMEL008784g1.t1,1.084762,Drosophila_melanogaster_BDGP6_32_pep_all,FBgn0023076,Clk
Heliconius,melpomene_melpomene_Hmel2_5_CREPE_FL_HMEL037957g1.t2,1.91606446,Drosophila_melanogaster_BDGP6_32_pep_all,FBgn0085451,htk
Heliconius,melpomene_melpomene_Hmel2_5_CREPE_FL_HMEL037957g1.t1,1.914905535,Drosophila_melanogaster_BDGP6_32_pep_all,FBgn0085451,htk
Heliconius,melpomene_melpomene_Hmel2_5_CREPE_FL_HMEL011021g1.t1,0.549544,Drosophila_melanogaster_BDGP6_32_pep_all,FBgn0013751,Awh
Heliconius,melpomene_melpomene_Hmel2_5_CREPE_FL_HMEL037904g1.t1,0.8159780409999999,Drosophila_melanogaster_BDGP6_32_pep_all,FBgn0004595,pros
Heliconius,melpomene_melpomene_Hmel2_5_CREPE_FL_HMEL002740g1.t1,1.8356591,Drosophila_melanogaster_BDGP6_32_pep_all,FBgn0051632,sens-2
Heliconius,melpomene_melpomene_Hmel2_5_CREPE_FL_HMEL006863g1.t1,2.8043949,Drosophila_melanogaster_BDGP6_32_pep_all,FBgn0051632,sens-2
Heliconius,melpomene_melpomene_Hmel2_5_CREPE_FL_HMEL006896g3.t1,0.48049580000000003,Drosophila_melanogaster_BDGP6_32_pep_all,FBgn0003896,tup
Heliconius,melpomene_melpomene_Hmel2_5_CREPE_FL_HMEL006896g3.t2,0.46757257581,Drosophila_melanogaster_BDGP6_32_pep_all,FBgn0003896,tup
Heliconius,melpomene_melpomene_Hmel2_5_CREPE_FL_HMEL003654g1.t1,1.452148,Drosophila_melanogaster_BDGP6_32_pep_all,FBgn0029939,CG9650
Heliconius,melpomene_melpomene_Hmel2_5_CREPE_FL_HMEL016431g1.t1,0.715221,Drosophila_melanogaster_BDGP6_32_pep_all,FBgn0010287,Trf
Heliconius,melpomene_melpomene_Hmel2_5_CREPE_FL_HMEL016424g1.t1,0.451836,Drosophila_melanogaster_BDGP6_32_pep_all,FBgn0003687,Tbp
Heliconius,melpomene_melpomene_Hmel2_5_CREPE_FL_HMEL016896g1.t1,1.1867077,Drosophila_melanogaster_BDGP6_32_pep_all,FBgn0008646,E5
Heliconius,melpomene_melpomene_Hmel2_5_CREPE_FL_HMEL003726g1.t1,2.3225100000000003,Drosophila_melanogaster_BDGP6_32_pep_all,FBgn0045852,ham
Heliconius,melpomene_melpomene_Hmel2_5_CREPE_FL_HMEL002495g1.t1,1.7556914,Drosophila_melanogaster_BDGP6_32_pep_all,FBgn0032707,CG10348
Heliconius,melpomene_melpomene_Hmel2_5_CREPE_FL_HMEL009343g1.t1,0.9587665999999999,Drosophila_melanogaster_BDGP6_32_pep_all,FBgn0000577,en
Heliconius,melpomene_melpomene_Hmel2_5_CREPE_FL_HMEL009342g1.t1,1.304326,Drosophila_melanogaster_BDGP6_32_pep_all,FBgn0000577,en
Heliconius,melpomene_melpomene_Hmel2_5_CREPE_FL_HMEL032663g1.t1,1.4227242000000002,Drosophila_melanogaster_BDGP6_32_pep_all,FBgn0036134,FoxK
Heliconius,melpomene_melpomene_Hmel2_5_CREPE_FL_HMEL031630g1.t1,1.700082,Drosophila_melanogaster_BDGP6_32_pep_all,FBgn0026582,Hmg-2
Heliconius,melpomene_melpomene_Hmel2_5_CREPE_FL_HMEL004218g1.t1,1.6576499999999998,Drosophila_melanogaster_BDGP6_32_pep_all,FBgn0015239,Hr78
Heliconius,melpomene_melpomene_Hmel2_5_CREPE_FL_HMEL013582g1.t1,2.72712,Drosophila_melanogaster_BDGP6_32_pep_all,FBgn0033010,Atf6
Heliconius,melpomene_melpomene_Hmel2_5_CREPE_FL_HMEL034492g1.t2,1.2431040999999998,Drosophila_melanogaster_BDGP6_32_pep_all,FBgn0262636,dati
Heliconius,melpomene_melpomene_Hmel2_5_CREPE_FL_HMEL034492g1.t3,1.2334599999999998,Drosophila_melanogaster_BDGP6_32_pep_all,FBgn0262636,dati
Heliconius,melpomene_melpomene_Hmel2_5_CREPE_FL_HMEL034492g1.t1,1.2435218399999999,Drosophila_melanogaster_BDGP6_32_pep_all,FBgn0262636,dati
Heliconius,melpomene_melpomene_Hmel2_5_CREPE_FL_HMEL034492g1.t4,1.2160115,Drosophila_melanogaster_BDGP6_32_pep_all,FBgn0262636,dati
Heliconius,melpomene_melpomene_Hmel2_5_CREPE_FL_HMEL031950g1.t1,2.710179,Drosophila_melanogaster_BDGP6_32_pep_all,FBgn0028895,CG17328
Heliconius,melpomene_melpomene_Hmel2_5_CREPE_FL_HMEL003700g1.t1,2.7014,Drosophila_melanogaster_BDGP6_32_pep_all,FBgn0028895,CG17328
Heliconius,melpomene_melpomene_Hmel2_5_CREPE_FL_HMEL002726g1.t1,0.7520638373,Drosophila_melanogaster_BDGP6_32_pep_all,FBgn0261588,pdm3
Heliconius,melpomene_melpomene_Hmel2_5_CREPE_FL_HMEL002726g1.t2,0.869743,Drosophila_melanogaster_BDGP6_32_pep_all,FBgn0261588,pdm3
Heliconius,melpomene_melpomene_Hmel2_5_CREPE_FL_HMEL016327g1.t1,2.27412,Drosophila_melanogaster_BDGP6_32_pep_all,FBgn0004859,ci
Heliconius,melpomene_melpomene_Hmel2_5_CREPE_FL_HMEL031669g1.t1,0.552492,Drosophila_melanogaster_BDGP6_32_pep_all,FBgn0036661,CG9705
Heliconius,melpomene_melpomene_Hmel2_5_CREPE_FL_HMEL033844g1.t1,2.130704,Drosophila_melanogaster_BDGP6_32_pep_all,FBgn0261283,SREBP
Heliconius,melpomene_melpomene_Hmel2_5_CREPE_FL_HMEL008894-RA,2.10009,Drosophila_melanogaster_BDGP6_32_pep_all,FBgn0014018,Rel
Heliconius,melpomene_melpomene_Hmel2_5_CREPE_FL_HMEL035354g1.t1,1.8306779999999998,Drosophila_melanogaster_BDGP6_32_pep_all,FBgn0034985,CG3328
Heliconius,melpomene_melpomene_Hmel2_5_CREPE_FL_HMEL016330g1.t1,2.1076930000000003,Drosophila_melanogaster_BDGP6_32_pep_all,FBgn0004607,zfh2
Heliconius,melpomene_melpomene_Hmel2_5_CREPE_FL_HMEL037661g1.t1,1.797888,Drosophila_melanogaster_BDGP6_32_pep_all,FBgn0022740,HLH54F
Heliconius,melpomene_melpomene_Hmel2_5_CREPE_FL_HMEL037879g1.t1,2.448327,Drosophila_melanogaster_BDGP6_32_pep_all,FBgn0022740,HLH54F
Heliconius,melpomene_melpomene_Hmel2_5_CREPE_FL_HMEL015950g1.t1,1.161157,Drosophila_melanogaster_BDGP6_32_pep_all,FBgn0020307,dve
Heliconius,melpomene_melpomene_Hmel2_5_CREPE_FL_HMEL033910g1.t1,1.1727400000000001,Drosophila_melanogaster_BDGP6_32_pep_all,FBgn0004396,CrebA
Heliconius,melpomene_melpomene_Hmel2_5_CREPE_FL_HMEL035382g1.t1,2.3234495,Drosophila_melanogaster_BDGP6_32_pep_all,FBgn0002044,swm
Heliconius,melpomene_melpomene_Hmel2_5_CREPE_FL_HMEL014286g1.t1,1.371284,Drosophila_melanogaster_BDGP6_32_pep_all,FBgn0263512,Vsx2
Heliconius,melpomene_melpomene_Hmel2_5_CREPE_FL_HMEL016601g1.t1,1.703188,Drosophila_melanogaster_BDGP6_32_pep_all,FBgn0016076,vri
Heliconius,melpomene_melpomene_Hmel2_5_CREPE_FL_HMEL009385g1.t1,0.620151,Drosophila_melanogaster_BDGP6_32_pep_all,FBgn0002023,Lim3
Heliconius,melpomene_melpomene_Hmel2_5_CREPE_FL_HMEL016421g1.t1,1.268024,Drosophila_melanogaster_BDGP6_32_pep_all,FBgn0010323,Gsc
Heliconius,melpomene_melpomene_Hmel2_5_CREPE_FL_HMEL004320g2.t1,2.1656883000000002,Drosophila_melanogaster_BDGP6_32_pep_all,FBgn0031375,erm
Heliconius,melpomene_melpomene_Hmel2_5_CREPE_FL_HMEL032863g1.t1,1.761713,Drosophila_melanogaster_BDGP6_32_pep_all,FBgn0052202,CG32202
Heliconius,melpomene_melpomene_Hmel2_5_CREPE_FL_HMEL006183g1.t1,1.121511,Drosophila_melanogaster_BDGP6_32_pep_all,FBgn0011278,lbe
Heliconius,melpomene_melpomene_Hmel2_5_CREPE_FL_HMEL002810g1.t1,2.217114,Drosophila_melanogaster_BDGP6_32_pep_all,FBgn0029711,Usf
Heliconius,melpomene_melpomene_Hmel2_5_CREPE_FL_HMEL031901g1.t1,2.0579613000000005,Drosophila_melanogaster_BDGP6_32_pep_all,FBgn0039683,dmrt99B
Heliconius,melpomene_melpomene_Hmel2_5_CREPE_FL_HMEL009964g1.t1,1.9674453000000003,Drosophila_melanogaster_BDGP6_32_pep_all,FBgn0039683,dmrt99B
Heliconius,melpomene_melpomene_Hmel2_5_CREPE_FL_HMEL005868g1.t1,1.070512,Drosophila_melanogaster_BDGP6_32_pep_all,FBgn0039683,dmrt99B
Heliconius,melpomene_melpomene_Hmel2_5_CREPE_FL_HMEL009521g1.t1,1.440402,Drosophila_melanogaster_BDGP6_32_pep_all,FBgn0015561,unpg
Heliconius,melpomene_melpomene_Hmel2_5_CREPE_FL_HMEL004928g1.t1,1.2521887,Drosophila_melanogaster_BDGP6_32_pep_all,FBgn0032209,Hand
Heliconius,melpomene_melpomene_Hmel2_5_CREPE_FL_HMEL004928g1.t2,1.16593846337,Drosophila_melanogaster_BDGP6_32_pep_all,FBgn0032209,Hand
Heliconius,melpomene_melpomene_Hmel2_5_CREPE_FL_HMEL006186g1.t1,0.89547065,Drosophila_melanogaster_BDGP6_32_pep_all,FBgn0039227,polybromo
Heliconius,melpomene_melpomene_Hmel2_5_CREPE_FL_HMEL006186g1.t2,0.8865877307,Drosophila_melanogaster_BDGP6_32_pep_all,FBgn0039227,polybromo
Heliconius,melpomene_melpomene_Hmel2_5_CREPE_FL_HMEL016694g1.t1,1.14957,Drosophila_melanogaster_BDGP6_32_pep_all,FBgn0000097,aop
Heliconius,melpomene_melpomene_Hmel2_5_CREPE_FL_HMEL005671g1.t1,1.2170809999999999,Drosophila_melanogaster_BDGP6_32_pep_all,FBgn0014179,gcm
Heliconius,melpomene_melpomene_Hmel2_5_CREPE_FL_HMEL015079g1.t1,1.7804862,Drosophila_melanogaster_BDGP6_32_pep_all,FBgn0034821,CG9876
Heliconius,melpomene_melpomene_Hmel2_5_CREPE_FL_HMEL015812g1.t1,1.2370703399999998,Drosophila_melanogaster_BDGP6_32_pep_all,FBgn0022238,lolal
Heliconius,melpomene_melpomene_Hmel2_5_CREPE_FL_HMEL015812g1.t2,1.2507852899999996,Drosophila_melanogaster_BDGP6_32_pep_all,FBgn0022238,lolal
Heliconius,melpomene_melpomene_Hmel2_5_CREPE_FL_HMEL008679g1.t1,1.234297,Drosophila_melanogaster_BDGP6_32_pep_all,FBgn0003254,rib
Heliconius,melpomene_melpomene_Hmel2_5_CREPE_FL_HMEL015189g1.t1,1.658313,Drosophila_melanogaster_BDGP6_32_pep_all,FBgn0003870,ttk
Heliconius,melpomene_melpomene_Hmel2_5_CREPE_FL_HMEL015189g2.t1,1.07780378,Drosophila_melanogaster_BDGP6_32_pep_all,FBgn0022238,lolal
Heliconius,melpomene_melpomene_Hmel2_5_CREPE_FL_HMEL013503g2.t1,1.0298845600000002,Drosophila_melanogaster_BDGP6_32_pep_all,FBgn0022238,lolal
Heliconius,melpomene_melpomene_Hmel2_5_CREPE_FL_HMEL010437g1.t1,1.0140495600000001,Drosophila_melanogaster_BDGP6_32_pep_all,FBgn0022238,lolal
Heliconius,melpomene_melpomene_Hmel2_5_CREPE_FL_HMEL007461g1.t1,0.9324283000000001,Drosophila_melanogaster_BDGP6_32_pep_all,FBgn0022238,lolal
Heliconius,melpomene_melpomene_Hmel2_5_CREPE_FL_HMEL003953g2.t1,0.9464211000000001,Drosophila_melanogaster_BDGP6_32_pep_all,FBgn0022238,lolal
Heliconius,melpomene_melpomene_Hmel2_5_CREPE_FL_HMEL003953g2.t2,0.9375819000000002,Drosophila_melanogaster_BDGP6_32_pep_all,FBgn0022238,lolal
Heliconius,melpomene_melpomene_Hmel2_5_CREPE_FL_HMEL008814g1.t1,0.9687913000000001,Drosophila_melanogaster_BDGP6_32_pep_all,FBgn0022238,lolal
Heliconius,melpomene_melpomene_Hmel2_5_CREPE_FL_HMEL008091g1.t2,1.11244581,Drosophila_melanogaster_BDGP6_32_pep_all,FBgn0022238,lolal
Heliconius,melpomene_melpomene_Hmel2_5_CREPE_FL_HMEL008091g1.t1,1.1280598000000002,Drosophila_melanogaster_BDGP6_32_pep_all,FBgn0022238,lolal
Heliconius,melpomene_melpomene_Hmel2_5_CREPE_FL_HMEL017607g1.t1,2.42637999,Drosophila_melanogaster_BDGP6_32_pep_all,FBgn0031610,CG15436
Heliconius,melpomene_melpomene_Hmel2_5_CREPE_FL_HMEL010160g1.t1,2.0846460000000002,Drosophila_melanogaster_BDGP6_32_pep_all,FBgn0037923,CG6813
Heliconius,melpomene_melpomene_Hmel2_5_CREPE_FL_HMEL017755g1.t1,2.101872,Drosophila_melanogaster_BDGP6_32_pep_all,FBgn0031610,CG15436
Heliconius,melpomene_melpomene_Hmel2_5_CREPE_FL_HMEL022502g1.t1,2.5435562640000002,Drosophila_melanogaster_BDGP6_32_pep_all,FBgn0031610,CG15436
Heliconius,melpomene_melpomene_Hmel2_5_CREPE_FL_HMEL013893g1.t1,2.40624,Drosophila_melanogaster_BDGP6_32_pep_all,FBgn0000370,crc
Heliconius,melpomene_melpomene_Hmel2_5_CREPE_FL_HMEL020835g1.t1,1.0964608,Drosophila_melanogaster_BDGP6_32_pep_all,FBgn0030093,Bap111
Heliconius,melpomene_melpomene_Hmel2_5_CREPE_FL_HMEL020835g1.t2,1.05435818,Drosophila_melanogaster_BDGP6_32_pep_all,FBgn0030093,Bap111
Heliconius,melpomene_melpomene_Hmel2_5_CREPE_FL_HMEL002817g1.t1,1.7407460000000001,Drosophila_melanogaster_BDGP6_32_pep_all,FBgn0263239,dar1
Heliconius,melpomene_melpomene_Hmel2_5_CREPE_FL_HMEL034454g1.t1,2.35561,Drosophila_melanogaster_BDGP6_32_pep_all,FBgn0003231,ref(2)P
Heliconius,melpomene_melpomene_Hmel2_5_CREPE_FL_HMEL005929g1.t1,2.9323997000000004,Drosophila_melanogaster_BDGP6_32_pep_all,FBgn0038548,CG17806
Heliconius,melpomene_melpomene_Hmel2_5_CREPE_FL_HMEL014267g1.t1,3.2332897000000003,Drosophila_melanogaster_BDGP6_32_pep_all,FBgn0038548,CG17806
Heliconius,melpomene_melpomene_Hmel2_5_CREPE_FL_HMEL012819g1.t1,2.8846369000000003,Drosophila_melanogaster_BDGP6_32_pep_all,FBgn0038548,CG17806
Heliconius,melpomene_melpomene_Hmel2_5_CREPE_FL_HMEL034042g1.t1,2.7861051999999997,Drosophila_melanogaster_BDGP6_32_pep_all,FBgn0038548,CG17806
Heliconius,melpomene_melpomene_Hmel2_5_CREPE_FL_HMEL009748g1.t1,2.6459092,Drosophila_melanogaster_BDGP6_32_pep_all,FBgn0038548,CG17806
Heliconius,melpomene_melpomene_Hmel2_5_CREPE_FL_HMEL003811g1.t1,2.9618849000000003,Drosophila_melanogaster_BDGP6_32_pep_all,FBgn0038548,CG17806
Heliconius,melpomene_melpomene_Hmel2_5_CREPE_FL_HMEL013143g1.t1,2.3380628000000003,Drosophila_melanogaster_BDGP6_32_pep_all,FBgn0264490,Eip93F
Heliconius,melpomene_melpomene_Hmel2_5_CREPE_FL_HMEL000061g1.t1,2.6101723000000003,Drosophila_melanogaster_BDGP6_32_pep_all,FBgn0000289,cg
Heliconius,melpomene_melpomene_Hmel2_5_CREPE_FL_HMEL037183g1.t1,2.7188683069999997,Drosophila_melanogaster_BDGP6_32_pep_all,FBgn0000289,cg
Heliconius,melpomene_melpomene_Hmel2_5_CREPE_FL_HMEL014826g1.t1,2.3385268999999997,Drosophila_melanogaster_BDGP6_32_pep_all,FBgn0030009,CG15336
Heliconius,melpomene_melpomene_Hmel2_5_CREPE_FL_HMEL017389g1.t2,2.3222468999999997,Drosophila_melanogaster_BDGP6_32_pep_all,FBgn0030009,CG15336
Heliconius,melpomene_melpomene_Hmel2_5_CREPE_FL_HMEL035409g1.t1,2.6426588,Drosophila_melanogaster_BDGP6_32_pep_all,FBgn0030009,CG15336
Heliconius,melpomene_melpomene_Hmel2_5_CREPE_FL_HMEL013324g1.t1,2.5042693,Drosophila_melanogaster_BDGP6_32_pep_all,FBgn0030009,CG15336
Heliconius,melpomene_melpomene_Hmel2_5_CREPE_FL_HMEL009774g1.t1,2.2098012000000002,Drosophila_melanogaster_BDGP6_32_pep_all,FBgn0030009,CG15336
Heliconius,melpomene_melpomene_Hmel2_5_CREPE_FL_HMEL014671g1.t1,0.49523300000000003,Drosophila_melanogaster_BDGP6_32_pep_all,FBgn0265574,Cdc5
Heliconius,melpomene_melpomene_Hmel2_5_CREPE_FL_HMEL015209g1.t1,1.9763009999999999,Drosophila_melanogaster_BDGP6_32_pep_all,FBgn0001180,hb
Heliconius,melpomene_melpomene_Hmel2_5_CREPE_FL_HMEL006202g1.t1,1.313929,Drosophila_melanogaster_BDGP6_32_pep_all,FBgn0033252,CG12769
Heliconius,melpomene_melpomene_Hmel2_5_CREPE_FL_HMEL002371g1.t1,1.4571304,Drosophila_melanogaster_BDGP6_32_pep_all,FBgn0028999,nerfin-1
Heliconius,melpomene_melpomene_Hmel2_5_CREPE_FL_HMEL014121g1.t1,3.3984342,Drosophila_melanogaster_BDGP6_32_pep_all,FBgn0025635,CG17829
Heliconius,melpomene_melpomene_Hmel2_5_CREPE_FL_HMEL002203g1.t1,0.675585,Drosophila_melanogaster_BDGP6_32_pep_all,FBgn0011655,Med
Heliconius,melpomene_melpomene_Hmel2_5_CREPE_FL_HMEL037937g1.t1,0.8236435,Drosophila_melanogaster_BDGP6_32_pep_all,FBgn0030121,Cfp1
Heliconius,melpomene_melpomene_Hmel2_5_CREPE_FL_HMEL014563g1.t1,1.298694,Drosophila_melanogaster_BDGP6_32_pep_all,FBgn0029936,CG4617
Heliconius,melpomene_melpomene_Hmel2_5_CREPE_FL_HMEL037964g1.t1,0.96867715,Drosophila_melanogaster_BDGP6_32_pep_all,FBgn0017578,Max
Heliconius,melpomene_melpomene_Hmel2_5_CREPE_FL_HMEL002264g2.t1,1.508137,Drosophila_melanogaster_BDGP6_32_pep_all,FBgn0035993,Nf-YA
Heliconius,melpomene_melpomene_Hmel2_5_CREPE_FL_HMEL017389g1.t1,2.6520539999999997,Drosophila_melanogaster_BDGP6_32_pep_all,FBgn0030455,CG4318
Heliconius,melpomene_melpomene_Hmel2_5_CREPE_FL_HMEL009095g1.t1,2.7446339,Drosophila_melanogaster_BDGP6_32_pep_all,FBgn0030455,CG4318
Heliconius,melpomene_melpomene_Hmel2_5_CREPE_FL_HMEL016914g2.t1,2.45778,Drosophila_melanogaster_BDGP6_32_pep_all,FBgn0030455,CG4318
Heliconius,melpomene_melpomene_Hmel2_5_CREPE_FL_HMEL016459g1.t1,3.0102006,Drosophila_melanogaster_BDGP6_32_pep_all,FBgn0030455,CG4318
Heliconius,melpomene_melpomene_Hmel2_5_CREPE_FL_HMEL011709g1.t1,2.56973874,Drosophila_melanogaster_BDGP6_32_pep_all,FBgn0030455,CG4318
Heliconius,melpomene_melpomene_Hmel2_5_CREPE_FL_HMEL017628g1.t1,2.7976524400000002,Drosophila_melanogaster_BDGP6_32_pep_all,FBgn0030455,CG4318
Heliconius,melpomene_melpomene_Hmel2_5_CREPE_FL_HMEL007179g1.t1,2.83371044,Drosophila_melanogaster_BDGP6_32_pep_all,FBgn0030455,CG4318
Heliconius,melpomene_melpomene_Hmel2_5_CREPE_FL_HMEL014130g1.t1,1.3811930000000001,Drosophila_melanogaster_BDGP6_32_pep_all,FBgn0030477,dmrt11E
Heliconius,melpomene_melpomene_Hmel2_5_CREPE_FL_HMEL015307g2.t1,0.458469,Drosophila_melanogaster_BDGP6_32_pep_all,FBgn0010278,Ssrp
Heliconius,melpomene_melpomene_Hmel2_5_CREPE_FL_HMEL013370g2.t1,2.33128,Drosophila_melanogaster_BDGP6_32_pep_all,FBgn0262656,Myc
Heliconius,melpomene_melpomene_Hmel2_5_CREPE_FL_HMEL034391g1.t1,1.341242,Drosophila_melanogaster_BDGP6_32_pep_all,FBgn0004101,bs
Heliconius,melpomene_melpomene_Hmel2_5_CREPE_FL_HMEL016814g1.t1,3.4209136,Drosophila_melanogaster_BDGP6_32_pep_all,FBgn0033569,CG12942
Heliconius,melpomene_melpomene_Hmel2_5_CREPE_FL_HMEL032688g1.t1,3.1576974,Drosophila_melanogaster_BDGP6_32_pep_all,FBgn0033569,CG12942
Heliconius,melpomene_melpomene_Hmel2_5_CREPE_FL_HMEL014441g1.t1,3.3250424,Drosophila_melanogaster_BDGP6_32_pep_all,FBgn0033569,CG12942
Heliconius,melpomene_melpomene_Hmel2_5_CREPE_FL_HMEL022501g1.t1,3.4389324,Drosophila_melanogaster_BDGP6_32_pep_all,FBgn0033569,CG12942
Heliconius,melpomene_melpomene_Hmel2_5_CREPE_FL_HMEL016343g1.t1,0.7357020000000001,Drosophila_melanogaster_BDGP6_32_pep_all,FBgn0037051,CG10565
Heliconius,melpomene_melpomene_Hmel2_5_CREPE_FL_HMEL007518g1.t1,2.9467540000000003,Drosophila_melanogaster_BDGP6_32_pep_all,FBgn0262580,CG43120
Heliconius,melpomene_melpomene_Hmel2_5_CREPE_FL_HMEL007072g1.t1,1.198524,Drosophila_melanogaster_BDGP6_32_pep_all,FBgn0035625,Blimp-1
Heliconius,melpomene_melpomene_Hmel2_5_CREPE_FL_HMEL004920g1.t1,2.7141100000000002,Drosophila_melanogaster_BDGP6_32_pep_all,FBgn0030963,CG7101
Heliconius,melpomene_melpomene_Hmel2_5_CREPE_FL_HMEL009066g1.t1,2.7527431,Drosophila_melanogaster_BDGP6_32_pep_all,FBgn0030963,CG7101
Heliconius,melpomene_melpomene_Hmel2_5_CREPE_FL_HMEL010153g1.t1,3.2235712,Drosophila_melanogaster_BDGP6_32_pep_all,FBgn0030963,CG7101
Heliconius,melpomene_melpomene_Hmel2_5_CREPE_FL_HMEL008105g1.t1,2.7290212,Drosophila_melanogaster_BDGP6_32_pep_all,FBgn0030963,CG7101
Heliconius,melpomene_melpomene_Hmel2_5_CREPE_FL_HMEL013483g1.t1,1.112756,Drosophila_melanogaster_BDGP6_32_pep_all,FBgn0001978,stc
Heliconius,melpomene_melpomene_Hmel2_5_CREPE_FL_HMEL000050-RA,1.148555,Drosophila_melanogaster_BDGP6_32_pep_all,FBgn0001978,stc
Heliconius,melpomene_melpomene_Hmel2_5_CREPE_FL_HMEL008131g1.t1,2.9562043,Drosophila_melanogaster_BDGP6_32_pep_all,FBgn0038551,Odj
Heliconius,melpomene_melpomene_Hmel2_5_CREPE_FL_HMEL037218g1.t1,3.2615283,Drosophila_melanogaster_BDGP6_32_pep_all,FBgn0038551,Odj
Heliconius,melpomene_melpomene_Hmel2_5_CREPE_FL_HMEL007165g1.t1,3.1336583000000005,Drosophila_melanogaster_BDGP6_32_pep_all,FBgn0038551,Odj
Heliconius,melpomene_melpomene_Hmel2_5_CREPE_FL_HMEL006197g1.t1,2.7652241,Drosophila_melanogaster_BDGP6_32_pep_all,FBgn0038551,Odj
Heliconius,melpomene_melpomene_Hmel2_5_CREPE_FL_HMEL030951g1.t1,1.326575,Drosophila_melanogaster_BDGP6_32_pep_all,FBgn0263738,Ada2a
Heliconius,melpomene_melpomene_Hmel2_5_CREPE_FL_HMEL008348g1.t1,1.3346870000000002,Drosophila_melanogaster_BDGP6_32_pep_all,FBgn0038805,TFAM
Heliconius,melpomene_melpomene_Hmel2_5_CREPE_FL_HMEL011823g2.t1,1.93098336,Drosophila_melanogaster_BDGP6_32_pep_all,FBgn0042085,Bap170
Heliconius,melpomene_melpomene_Hmel2_5_CREPE_FL_HMEL011823g2.t2,1.9335776400000002,Drosophila_melanogaster_BDGP6_32_pep_all,FBgn0042085,Bap170
Heliconius,melpomene_melpomene_Hmel2_5_CREPE_FL_HMEL006520g2.t1,1.133629,Drosophila_melanogaster_BDGP6_32_pep_all,FBgn0264562,Hr4
Heliconius,melpomene_melpomene_Hmel2_5_CREPE_FL_HMEL035255g1.t1,2.24826,Drosophila_melanogaster_BDGP6_32_pep_all,FBgn0021872,Xbp1
Heliconius,melpomene_melpomene_Hmel2_5_CREPE_FL_HMEL035408g1.t1,1.3735,Drosophila_melanogaster_BDGP6_32_pep_all,FBgn0261723,Dbx
Heliconius,melpomene_melpomene_Hmel2_5_CREPE_FL_HMEL009363g1.t1,0.953933,Drosophila_melanogaster_BDGP6_32_pep_all,FBgn0037555,Ada2b
Heliconius,melpomene_melpomene_Hmel2_5_CREPE_FL_HMEL016765g1.t1,0.771976,Drosophila_melanogaster_BDGP6_32_pep_all,FBgn0039509,bigmax
Heliconius,melpomene_melpomene_Hmel2_5_CREPE_FL_HMEL004647g1.t1,2.0607187,Drosophila_melanogaster_BDGP6_32_pep_all,FBgn0000529,bsh
Heliconius,melpomene_melpomene_Hmel2_5_CREPE_FL_HMEL035335g1.t1,1.40981,Drosophila_melanogaster_BDGP6_32_pep_all,FBgn0000529,bsh
Heliconius,melpomene_melpomene_Hmel2_5_CREPE_FL_HMEL012434g1.t1,1.149262,Drosophila_melanogaster_BDGP6_32_pep_all,FBgn0031232,CG11617
Heliconius,melpomene_melpomene_Hmel2_5_CREPE_FL_HMEL013517g2.t1,1.337627,Drosophila_melanogaster_BDGP6_32_pep_all,FBgn0013799,Deaf1
Heliconius,melpomene_melpomene_Hmel2_5_CREPE_FL_HMEL032016g1.t1,2.9543454000000002,Drosophila_melanogaster_BDGP6_32_pep_all,FBgn0040305,MTF-1
Heliconius,melpomene_melpomene_Hmel2_5_CREPE_FL_HMEL011340g4.t1,2.2503422,Drosophila_melanogaster_BDGP6_32_pep_all,FBgn0033846,mip120
Heliconius,melpomene_melpomene_Hmel2_5_CREPE_FL_HMEL006990g1.t1,1.622489,Drosophila_melanogaster_BDGP6_32_pep_all,FBgn0030505,NFAT
Heliconius,melpomene_melpomene_Hmel2_5_CREPE_FL_HMEL004646g1.t1,1.775106,Drosophila_melanogaster_BDGP6_32_pep_all,FBgn0038852,HHEX
Heliconius,melpomene_melpomene_Hmel2_5_CREPE_FL_HMEL017972g1.t1,1.0167380000000001,Drosophila_melanogaster_BDGP6_32_pep_all,FBgn0035518,CG15011
Heliconius,melpomene_melpomene_Hmel2_5_CREPE_FL_HMEL008759g1.t1,1.618967,Drosophila_melanogaster_BDGP6_32_pep_all,FBgn0001994,crp
Heliconius,melpomene_melpomene_Hmel2_5_CREPE_FL_HMEL005659g1.t1,1.796786,Drosophila_melanogaster_BDGP6_32_pep_all,FBgn0264817,pre-lola-G
Heliconius,melpomene_melpomene_Hmel2_5_CREPE_FL_HMEL006553g1.t1,1.8311480000000002,Drosophila_melanogaster_BDGP6_32_pep_all,FBgn0033782,sug
Heliconius,melpomene_melpomene_Hmel2_5_CREPE_FL_HMEL016265g1.t2,2.7720279999999997,Drosophila_melanogaster_BDGP6_32_pep_all,FBgn0004618,gl
Heliconius,melpomene_melpomene_Hmel2_5_CREPE_FL_HMEL016265g1.t1,2.7709339,Drosophila_melanogaster_BDGP6_32_pep_all,FBgn0004618,gl
Heliconius,melpomene_melpomene_Hmel2_5_CREPE_FL_HMEL016965g1.t1,2.044006,Drosophila_melanogaster_BDGP6_32_pep_all,FBgn0004618,gl
Heliconius,melpomene_melpomene_Hmel2_5_CREPE_FL_HMEL015339g1.t1,1.2888169999999999,Drosophila_melanogaster_BDGP6_32_pep_all,FBgn0286204,ich
Heliconius,melpomene_melpomene_Hmel2_5_CREPE_FL_HMEL033003g1.t1,0.9188099999999999,Drosophila_melanogaster_BDGP6_32_pep_all,FBgn0037008,mTerf3
Heliconius,melpomene_melpomene_Hmel2_5_CREPE_FL_HMEL030577g1.t1,1.242905,Drosophila_melanogaster_BDGP6_32_pep_all,FBgn0015524,otp
Heliconius,melpomene_melpomene_Hmel2_5_CREPE_FL_HMEL010553g1.t1,0.7485040000000001,Drosophila_melanogaster_BDGP6_32_pep_all,FBgn0263352,Unr
Heliconius,melpomene_melpomene_Hmel2_5_CREPE_FL_HMEL002811g1.t1,2.7666744,Drosophila_melanogaster_BDGP6_32_pep_all,FBgn0037446,Zif
Heliconius,melpomene_melpomene_Hmel2_5_CREPE_FL_HMEL031096g1.t1,2.80435,Drosophila_melanogaster_BDGP6_32_pep_all,FBgn0037446,Zif
Heliconius,melpomene_melpomene_Hmel2_5_CREPE_FL_HMEL005590g1.t1,1.2964085848,Drosophila_melanogaster_BDGP6_32_pep_all,FBgn0037446,Zif
Heliconius,melpomene_melpomene_Hmel2_5_CREPE_FL_HMEL017030g1.t1,0.901389,Drosophila_melanogaster_BDGP6_32_pep_all,FBgn0030990,CG7556
Heliconius,melpomene_melpomene_Hmel2_5_CREPE_FL_HMEL013578g1.t1,1.602661,Drosophila_melanogaster_BDGP6_32_pep_all,FBgn0031876,Atac1
Heliconius,melpomene_melpomene_Hmel2_5_CREPE_FL_HMEL008795g1.t2,1.0707496,Drosophila_melanogaster_BDGP6_32_pep_all,FBgn0052831,CG33695
Heliconius,melpomene_melpomene_Hmel2_5_CREPE_FL_HMEL008795g1.t3,1.0159594,Drosophila_melanogaster_BDGP6_32_pep_all,FBgn0052831,CG33695
Heliconius,melpomene_melpomene_Hmel2_5_CREPE_FL_HMEL035460g1.t1,1.7418969999999998,Drosophila_melanogaster_BDGP6_32_pep_all,FBgn0036004,Jarid2
Heliconius,melpomene_melpomene_Hmel2_5_CREPE_FL_HMEL012996g2.t1,1.8840720000000002,Drosophila_melanogaster_BDGP6_32_pep_all,FBgn0024251,bbx
Heliconius,melpomene_melpomene_Hmel2_5_CREPE_FL_HMEL004591g1.t1,2.061709,Drosophila_melanogaster_BDGP6_32_pep_all,FBgn0039039,lmd
Heliconius,melpomene_melpomene_Hmel2_5_CREPE_FL_HMEL002597g1.t1,1.201598,Drosophila_melanogaster_BDGP6_32_pep_all,FBgn0032388,CG6686
Heliconius,melpomene_melpomene_Hmel2_5_CREPE_FL_HMEL030218g1.t1,1.314829,Drosophila_melanogaster_BDGP6_32_pep_all,FBgn0261793,Trf2
Heliconius,melpomene_melpomene_Hmel2_5_CREPE_FL_HMEL003135g1.t1,2.96998,Drosophila_melanogaster_BDGP6_32_pep_all,FBgn0037275,CG14655
Heliconius,melpomene_melpomene_Hmel2_5_CREPE_FL_HMEL015202g1.t1,2.0977300000000003,Drosophila_melanogaster_BDGP6_32_pep_all,FBgn0037275,CG14655
Heliconius,melpomene_melpomene_Hmel2_5_CREPE_FL_HMEL006168g1.t1,2.4609636999999998,Drosophila_melanogaster_BDGP6_32_pep_all,FBgn0037540,Pbp95
Heliconius,melpomene_melpomene_Hmel2_5_CREPE_FL_HMEL034618g1.t1,2.3967962999999997,Drosophila_melanogaster_BDGP6_32_pep_all,FBgn0037540,Pbp95
Heliconius,melpomene_melpomene_Hmel2_5_CREPE_FL_HMEL033208g1.t1,2.4740599999999997,Drosophila_melanogaster_BDGP6_32_pep_all,FBgn0023215,Mnt
Heliconius,melpomene_melpomene_Hmel2_5_CREPE_FL_HMEL014451g1.t1,1.3947251999999999,Drosophila_melanogaster_BDGP6_32_pep_all,FBgn0038332,CG6136
Heliconius,melpomene_melpomene_Hmel2_5_CREPE_FL_HMEL004239g1.t1,1.2765659999999999,Drosophila_melanogaster_BDGP6_32_pep_all,FBgn0025634,CG13367
Heliconius,melpomene_melpomene_Hmel2_5_CREPE_FL_HMEL011744g1.t1,2.4935,Drosophila_melanogaster_BDGP6_32_pep_all,FBgn0037445,CG9727
Heliconius,melpomene_melpomene_Hmel2_5_CREPE_FL_HMEL013866g2.t1,2.693641,Drosophila_melanogaster_BDGP6_32_pep_all,FBgn0032815,CG10462
Heliconius,melpomene_melpomene_Hmel2_5_CREPE_FL_HMEL016722g1.t1,1.547698,Drosophila_melanogaster_BDGP6_32_pep_all,FBgn0002931,net
Heliconius,melpomene_melpomene_Hmel2_5_CREPE_FL_HMEL010783g1.t1,2.73345,Drosophila_melanogaster_BDGP6_32_pep_all,FBgn0038766,CG4854
Heliconius,melpomene_melpomene_Hmel2_5_CREPE_FL_HMEL036731g1.t1,2.6973700000000003,Drosophila_melanogaster_BDGP6_32_pep_all,FBgn0032817,CG10631
Heliconius,melpomene_melpomene_Hmel2_5_CREPE_FL_HMEL033566g1.t1,1.503347,Drosophila_melanogaster_BDGP6_32_pep_all,FBgn0001170,H2.0
Heliconius,melpomene_melpomene_Hmel2_5_CREPE_FL_HMEL004962g1.t1,1.640819,Drosophila_melanogaster_BDGP6_32_pep_all,FBgn0023091,dimm
Heliconius,melpomene_melpomene_Hmel2_5_CREPE_FL_HMEL006651g1.t1,2.35135,Drosophila_melanogaster_BDGP6_32_pep_all,FBgn0262582,cic
Heliconius,melpomene_melpomene_Hmel2_5_CREPE_FL_HMEL017852g1.t1,1.934742,Drosophila_melanogaster_BDGP6_32_pep_all,FBgn0035643,CG13287
Heliconius,melpomene_melpomene_Hmel2_5_CREPE_FL_HMEL016554g1.t1,2.6177400000000004,Drosophila_melanogaster_BDGP6_32_pep_all,FBgn0035687,Prdm13
Heliconius,melpomene_melpomene_Hmel2_5_CREPE_FL_HMEL008330g1.t1,2.2285506,Drosophila_melanogaster_BDGP6_32_pep_all,FBgn0031351,CG14352
Heliconius,melpomene_melpomene_Hmel2_5_CREPE_FL_HMEL010757g2.t1,2.632038,Drosophila_melanogaster_BDGP6_32_pep_all,FBgn0013469,klu
Heliconius,melpomene_melpomene_Hmel2_5_CREPE_FL_HMEL002169g1.t2,2.9851199416000003,Drosophila_melanogaster_BDGP6_32_pep_all,FBgn0013469,klu
Heliconius,melpomene_melpomene_Hmel2_5_CREPE_FL_HMEL002169g1.t1,2.9931140800000002,Drosophila_melanogaster_BDGP6_32_pep_all,FBgn0013469,klu
Heliconius,melpomene_melpomene_Hmel2_5_CREPE_FL_HMEL017525g1.t1,2.3257405999999996,Drosophila_melanogaster_BDGP6_32_pep_all,FBgn0036396,CG17359
Heliconius,melpomene_melpomene_Hmel2_5_CREPE_FL_HMEL012240g4.t1,2.01622,Drosophila_melanogaster_BDGP6_32_pep_all,FBgn0036396,CG17359
Heliconius,melpomene_melpomene_Hmel2_5_CREPE_FL_HMEL012240g4.t2,2.100163,Drosophila_melanogaster_BDGP6_32_pep_all,FBgn0036396,CG17359
Heliconius,melpomene_melpomene_Hmel2_5_CREPE_FL_HMEL008709g1.t1,3.1122399099999996,Drosophila_melanogaster_BDGP6_32_pep_all,FBgn0043796,CG12219
Heliconius,melpomene_melpomene_Hmel2_5_CREPE_FL_HMEL034637g1.t1,2.9227399099999998,Drosophila_melanogaster_BDGP6_32_pep_all,FBgn0043796,CG12219
Heliconius,melpomene_melpomene_Hmel2_5_CREPE_FL_HMEL010289g1.t1,2.7686648,Drosophila_melanogaster_BDGP6_32_pep_all,FBgn0035160,hng3
Heliconius,melpomene_melpomene_Hmel2_5_CREPE_FL_HMEL005709g1.t1,2.6519496,Drosophila_melanogaster_BDGP6_32_pep_all,FBgn0035160,hng3
Heliconius,melpomene_melpomene_Hmel2_5_CREPE_FL_HMEL016595g1.t1,2.37469,Drosophila_melanogaster_BDGP6_32_pep_all,FBgn0035160,hng3
Heliconius,melpomene_melpomene_Hmel2_5_CREPE_FL_HMEL000003g1.t1,2.336911,Drosophila_melanogaster_BDGP6_32_pep_all,FBgn0035160,hng3
Heliconius,melpomene_melpomene_Hmel2_5_CREPE_FL_HMEL035391g1.t1,2.205469,Drosophila_melanogaster_BDGP6_32_pep_all,FBgn0284249,Adf1
Heliconius,melpomene_melpomene_Hmel2_5_CREPE_FL_HMEL014184g1.t1,2.166561,Drosophila_melanogaster_BDGP6_32_pep_all,FBgn0284249,Adf1
Heliconius,melpomene_melpomene_Hmel2_5_CREPE_FL_HMEL005203g1.t1,2.175208,Drosophila_melanogaster_BDGP6_32_pep_all,FBgn0284249,Adf1
Heliconius,melpomene_melpomene_Hmel2_5_CREPE_FL_HMEL031116g1.t1,2.34359,Drosophila_melanogaster_BDGP6_32_pep_all,FBgn0039078,CG4374
Heliconius,melpomene_melpomene_Hmel2_5_CREPE_FL_HMEL003793g3.t1,2.2636117999999996,Drosophila_melanogaster_BDGP6_32_pep_all,FBgn0030664,CG8119
Heliconius,melpomene_melpomene_Hmel2_5_CREPE_FL_HMEL036583g1.t1,2.7842568,Drosophila_melanogaster_BDGP6_32_pep_all,FBgn0030664,CG8119
Heliconius,melpomene_melpomene_Hmel2_5_CREPE_FL_HMEL015165g1.t1,2.6762848,Drosophila_melanogaster_BDGP6_32_pep_all,FBgn0030664,CG8119
Heliconius,melpomene_melpomene_Hmel2_5_CREPE_FL_HMEL010291g1.t1,2.2127698,Drosophila_melanogaster_BDGP6_32_pep_all,FBgn0030664,CG8119
Heliconius,melpomene_melpomene_Hmel2_5_CREPE_FL_HMEL014417g1.t1,2.6092035000000005,Drosophila_melanogaster_BDGP6_32_pep_all,FBgn0037317,CG14667
Heliconius,melpomene_melpomene_Hmel2_5_CREPE_FL_HMEL014417g1.t2,2.6311515,Drosophila_melanogaster_BDGP6_32_pep_all,FBgn0037317,CG14667
Heliconius,melpomene_melpomene_Hmel2_5_CREPE_FL_HMEL013008g1.t1,2.0018958,Drosophila_melanogaster_BDGP6_32_pep_all,FBgn0020309,crol
Heliconius,melpomene_melpomene_Hmel2_5_CREPE_FL_HMEL013008g1.t2,1.9581111999999998,Drosophila_melanogaster_BDGP6_32_pep_all,FBgn0020309,crol
Heliconius,melpomene_melpomene_Hmel2_5_CREPE_FL_HMEL011356g1.t1,3.21542,Drosophila_melanogaster_BDGP6_32_pep_all,FBgn0038547,CG17803
Heliconius,melpomene_melpomene_Hmel2_5_CREPE_FL_HMEL015824g1.t1,2.9758137,Drosophila_melanogaster_BDGP6_32_pep_all,FBgn0037031,CG11456
Heliconius,melpomene_melpomene_Hmel2_5_CREPE_FL_HMEL015824g1.t2,2.93720334,Drosophila_melanogaster_BDGP6_32_pep_all,FBgn0037031,CG11456
Heliconius,melpomene_melpomene_Hmel2_5_CREPE_FL_HMEL010733g1.t1,2.828963,Drosophila_melanogaster_BDGP6_32_pep_all,FBgn0030010,CG10959
Heliconius,melpomene_melpomene_Hmel2_5_CREPE_FL_HMEL022566g1.t1,2.8914111,Drosophila_melanogaster_BDGP6_32_pep_all,FBgn0030010,CG10959
Heliconius,melpomene_melpomene_Hmel2_5_CREPE_FL_HMEL022566g1.t2,2.8456679,Drosophila_melanogaster_BDGP6_32_pep_all,FBgn0030010,CG10959
Heliconius,melpomene_melpomene_Hmel2_5_CREPE_FL_HMEL010730g1.t1,2.811176,Drosophila_melanogaster_BDGP6_32_pep_all,FBgn0030010,CG10959
Heliconius,melpomene_melpomene_Hmel2_5_CREPE_FL_HMEL037290g1.t1,2.585869,Drosophila_melanogaster_BDGP6_32_pep_all,FBgn0034945,CG10904
Heliconius,melpomene_melpomene_Hmel2_5_CREPE_FL_HMEL010293g1.t1,2.301837,Drosophila_melanogaster_BDGP6_32_pep_all,FBgn0032587,CG5953
Heliconius,melpomene_melpomene_Hmel2_5_CREPE_FL_HMEL008292g1.t1,2.520882,Drosophila_melanogaster_BDGP6_32_pep_all,FBgn0034945,CG10904
Heliconius,melpomene_melpomene_Hmel2_5_CREPE_FL_HMEL035204g1.t1,1.801853,Drosophila_melanogaster_BDGP6_32_pep_all,FBgn0034945,CG10904
Heliconius,melpomene_melpomene_Hmel2_5_CREPE_FL_HMEL034776g1.t1,1.395263,Drosophila_melanogaster_BDGP6_32_pep_all,FBgn0039808,CG12071
Heliconius,melpomene_melpomene_Hmel2_5_CREPE_FL_HMEL008733g2.t1,2.1820649999999997,Drosophila_melanogaster_BDGP6_32_pep_all,FBgn0034054,CG8366
Heliconius,melpomene_melpomene_Hmel2_5_CREPE_FL_HMEL013444g2.t1,2.645574,Drosophila_melanogaster_BDGP6_32_pep_all,FBgn0034054,CG8366
Heliconius,melpomene_melpomene_Hmel2_5_CREPE_FL_HMEL008941g2.t1,2.606395,Drosophila_melanogaster_BDGP6_32_pep_all,FBgn0034054,CG8366
Heliconius,melpomene_melpomene_Hmel2_5_CREPE_FL_HMEL015533g1.t1,2.3711333999999997,Drosophila_melanogaster_BDGP6_32_pep_all,FBgn0038765,CG4424
Heliconius,melpomene_melpomene_Hmel2_5_CREPE_FL_HMEL008707g2.t1,2.4067834,Drosophila_melanogaster_BDGP6_32_pep_all,FBgn0038765,CG4424
Heliconius,melpomene_melpomene_Hmel2_5_CREPE_FL_HMEL006205g1.t1,2.7540613999999994,Drosophila_melanogaster_BDGP6_32_pep_all,FBgn0035691,CG7386
Heliconius,melpomene_melpomene_Hmel2_5_CREPE_FL_HMEL031163g1.t1,2.8828613999999995,Drosophila_melanogaster_BDGP6_32_pep_all,FBgn0035691,CG7386
Heliconius,melpomene_melpomene_Hmel2_5_CREPE_FL_HMEL011306g1.t1,1.973414,Drosophila_melanogaster_BDGP6_32_pep_all,FBgn0027339,jim
Heliconius,melpomene_melpomene_Hmel2_5_CREPE_FL_HMEL010789g1.t1,4.025964800000001,Drosophila_melanogaster_BDGP6_32_pep_all,FBgn0051224,CG31224
Heliconius,melpomene_melpomene_Hmel2_5_CREPE_FL_HMEL012918g1.t1,2.54505,Drosophila_melanogaster_BDGP6_32_pep_all,FBgn0051224,CG31224
Heliconius,melpomene_melpomene_Hmel2_5_CREPE_FL_HMEL017783g1.t1,2.604218,Drosophila_melanogaster_BDGP6_32_pep_all,FBgn0032130,brwl
Heliconius,melpomene_melpomene_Hmel2_5_CREPE_FL_HMEL002967g1.t1,2.7013629999999997,Drosophila_melanogaster_BDGP6_32_pep_all,FBgn0032130,brwl
Heliconius,melpomene_melpomene_Hmel2_5_CREPE_FL_HMEL034525g1.t1,2.650452,Drosophila_melanogaster_BDGP6_32_pep_all,FBgn0032130,brwl
Heliconius,melpomene_melpomene_Hmel2_5_CREPE_FL_HMEL005993g1.t1,2.15686,Drosophila_melanogaster_BDGP6_32_pep_all,FBgn0037722,CG8319
Heliconius,melpomene_melpomene_Hmel2_5_CREPE_FL_HMEL030239g1.t1,2.2184246599999997,Drosophila_melanogaster_BDGP6_32_pep_all,FBgn0002573,sens
Heliconius,melpomene_melpomene_Hmel2_5_CREPE_FL_HMEL016004g1.t1,2.2186246,Drosophila_melanogaster_BDGP6_32_pep_all,FBgn0030673,CG15601
Heliconius,melpomene_melpomene_Hmel2_5_CREPE_FL_HMEL016003g1.t1,2.0929346,Drosophila_melanogaster_BDGP6_32_pep_all,FBgn0030673,CG15601
Heliconius,melpomene_melpomene_Hmel2_5_CREPE_FL_HMEL016810g1.t1,2.128351,Drosophila_melanogaster_BDGP6_32_pep_all,FBgn0030673,CG15601
Heliconius,melpomene_melpomene_Hmel2_5_CREPE_FL_HMEL034884g1.t1,2.8881740000000002,Drosophila_melanogaster_BDGP6_32_pep_all,FBgn0033449,CG1663
Heliconius,melpomene_melpomene_Hmel2_5_CREPE_FL_HMEL006169g2.t1,3.2837180000000004,Drosophila_melanogaster_BDGP6_32_pep_all,FBgn0033449,CG1663
Heliconius,melpomene_melpomene_Hmel2_5_CREPE_FL_HMEL006169g1.t1,2.8516,Drosophila_melanogaster_BDGP6_32_pep_all,FBgn0033449,CG1663
Heliconius,melpomene_melpomene_Hmel2_5_CREPE_FL_HMEL036529g1.t1,3.006272,Drosophila_melanogaster_BDGP6_32_pep_all,FBgn0033449,CG1663
Heliconius,melpomene_melpomene_Hmel2_5_CREPE_FL_HMEL005811g2.t1,2.60691,Drosophila_melanogaster_BDGP6_32_pep_all,FBgn0037751,topi
Heliconius,melpomene_melpomene_Hmel2_5_CREPE_FL_HMEL037850g1.t1,2.46636,Drosophila_melanogaster_BDGP6_32_pep_all,FBgn0033767,CG13148
Heliconius,melpomene_melpomene_Hmel2_5_CREPE_FL_HMEL007071g1.t1,2.4113439999999997,Drosophila_melanogaster_BDGP6_32_pep_all,FBgn0028878,CG15269
Heliconius,melpomene_melpomene_Hmel2_5_CREPE_FL_HMEL021474g1.t1,1.4935910558999999,Drosophila_melanogaster_BDGP6_32_pep_all,FBgn0028878,CG15269
Heliconius,melpomene_melpomene_Hmel2_5_CREPE_FL_HMEL012081g1.t1,2.936294,Drosophila_melanogaster_BDGP6_32_pep_all,FBgn0038301,CG6654
Heliconius,melpomene_melpomene_Hmel2_5_CREPE_FL_HMEL007183g1.t1,2.627519,Drosophila_melanogaster_BDGP6_32_pep_all,FBgn0038301,CG6654
